Voltage,Current,Temperature,Light_Intensity,Efficiency,Fault_Status
17.72,5.12,37.77,487.73,11.74,Dust_Accumulation
23.8,0.31,28.77,905.76,1.84,Open_Circuit
21.6,0.15,30.75,851.54,1.87,Open_Circuit
21.75,4.21,31.36,1055.68,22.15,Normal
14.26,3.9,42.15,569.23,13.78,Dust_Accumulation
21.35,0.11,39.69,913.13,4.24,Open_Circuit
24.06,0.33,26.7,1026.33,2.26,Open_Circuit
0.3,6.0,84.77,894.42,0.52,Short_Circuit
14.32,1.45,29.73,337.0,9.33,Partial_Shading
13.27,1.87,30.08,331.55,4.9,Partial_Shading
22.71,0.0,41.4,861.71,0.23,Open_Circuit
12.97,0.91,31.9,366.64,9.31,Partial_Shading
16.14,2.97,36.0,567.31,13.39,Dust_Accumulation
14.7,3.87,43.09,893.0,11.49,Normal
1.72,10.2,75.06,576.88,2.04,Short_Circuit
10.43,0.96,43.85,212.09,9.26,Partial_Shading
25.0,0.0,35.5,999.07,2.24,Open_Circuit
2.74,8.56,71.49,638.74,1.86,Short_Circuit
19.28,3.79,52.41,584.87,9.47,Dust_Accumulation
23.61,0.29,33.23,792.95,0.0,Open_Circuit
17.77,5.3,38.24,1037.53,21.36,Normal
18.81,4.02,39.93,585.08,14.1,Dust_Accumulation
19.66,0.25,33.6,824.21,2.57,Open_Circuit
24.22,0.03,28.75,1075.07,2.06,Open_Circuit
0.44,7.2,71.02,1116.67,2.06,Short_Circuit
14.21,3.43,41.53,390.13,10.75,Partial_Shading
21.26,0.31,24.44,1073.95,0.98,Open_Circuit
13.73,2.8,39.3,342.83,9.59,Partial_Shading
4.23,6.23,80.64,794.7,2.84,Short_Circuit
18.11,5.31,32.84,1044.72,21.91,Normal
12.59,2.73,38.7,219.48,7.56,Partial_Shading
2.88,9.65,79.82,872.33,1.12,Short_Circuit
16.68,4.3,53.81,562.06,14.43,Dust_Accumulation
15.36,3.33,53.32,481.12,11.85,Dust_Accumulation
20.09,4.77,42.92,1062.91,21.81,Normal
1.11,6.24,68.86,997.32,0.26,Short_Circuit
14.99,3.24,54.5,641.18,11.93,Dust_Accumulation
12.12,1.29,43.72,447.65,9.97,Partial_Shading
2.82,7.63,85.18,687.62,0.3,Short_Circuit
17.5,4.97,37.11,505.77,15.18,Dust_Accumulation
16.4,3.5,45.95,564.81,11.67,Dust_Accumulation
15.29,2.93,37.98,519.24,14.77,Dust_Accumulation
13.97,3.33,50.64,490.5,12.56,Dust_Accumulation
0.0,9.36,77.01,910.87,0.55,Short_Circuit
13.88,3.05,53.3,425.08,12.72,Partial_Shading
1.44,6.0,61.77,1213.57,1.06,Short_Circuit
11.92,1.42,50.09,423.89,9.64,Partial_Shading
14.39,1.83,43.73,207.47,7.22,Partial_Shading
4.18,8.27,57.88,818.34,1.81,Short_Circuit
17.04,4.74,36.53,888.5,22.52,Normal
23.42,0.0,32.3,938.27,1.48,Open_Circuit
0.83,8.65,61.75,718.44,1.86,Short_Circuit
3.24,7.93,73.19,624.13,1.22,Short_Circuit
0.73,8.92,55.82,677.3,1.54,Short_Circuit
25.59,0.15,28.7,1097.75,1.93,Open_Circuit
19.95,4.24,35.56,822.26,22.14,Normal
19.59,5.82,39.8,1170.72,21.9,Normal
14.93,2.69,36.74,361.21,8.5,Partial_Shading
16.55,4.2,48.72,444.63,13.06,Dust_Accumulation
13.9,1.38,55.52,389.79,9.74,Partial_Shading
14.85,3.45,39.55,237.1,8.49,Partial_Shading
19.21,5.97,40.48,1129.04,23.09,Normal
22.61,0.09,29.7,832.94,1.43,Open_Circuit
17.86,3.6,37.23,678.88,13.8,Dust_Accumulation
20.44,5.78,37.16,911.97,21.36,Normal
23.18,0.05,33.69,1140.16,3.04,Open_Circuit
14.85,3.33,49.82,498.67,10.26,Dust_Accumulation
13.62,1.02,46.11,166.36,10.51,Partial_Shading
9.67,1.71,50.07,231.27,8.9,Partial_Shading
15.09,4.2,47.35,664.24,12.95,Dust_Accumulation
21.13,4.55,43.21,846.33,22.08,Normal
14.45,3.48,43.01,507.71,12.81,Dust_Accumulation
19.85,0.33,35.95,800.23,4.11,Open_Circuit
1.18,6.31,63.49,1163.19,2.29,Short_Circuit
15.09,1.74,48.05,307.75,10.24,Partial_Shading
20.72,4.55,37.16,969.79,23.01,Normal
16.2,2.14,44.25,395.54,9.83,Partial_Shading
4.4,8.84,55.84,1147.98,0.55,Short_Circuit
22.82,0.32,29.36,1013.54,1.98,Open_Circuit
23.57,0.19,29.9,1000.12,1.34,Open_Circuit
19.68,0.17,26.69,816.92,0.0,Open_Circuit
17.5,5.0,37.41,416.45,11.37,Dust_Accumulation
20.78,5.43,31.93,1022.55,21.91,Normal
20.4,0.5,28.74,830.81,0.79,Open_Circuit
16.52,4.23,48.18,670.55,13.49,Normal
9.86,2.62,39.4,327.85,10.46,Partial_Shading
23.83,0.0,35.65,857.24,1.85,Open_Circuit
23.9,0.14,36.75,941.9,0.15,Open_Circuit
20.32,0.42,35.83,1009.62,0.0,Open_Circuit
0.05,5.74,78.67,1025.37,1.31,Short_Circuit
23.74,0.0,40.39,1026.47,1.9,Open_Circuit
13.1,1.82,32.69,233.57,5.21,Partial_Shading
18.94,3.38,44.48,471.59,13.59,Dust_Accumulation
22.38,0.29,40.09,978.99,3.19,Open_Circuit
9.52,2.75,52.52,311.67,6.52,Partial_Shading
15.26,4.8,48.08,386.89,14.34,Dust_Accumulation
19.66,3.86,47.59,615.09,12.2,Dust_Accumulation
22.52,0.19,36.48,1210.22,0.0,Open_Circuit
18.27,5.04,48.96,478.72,15.42,Dust_Accumulation
26.06,0.44,36.59,1188.92,2.01,Open_Circuit
18.67,5.85,29.74,1189.64,23.06,Normal
15.0,3.55,51.09,540.85,15.92,Dust_Accumulation
12.99,2.84,40.27,327.49,7.57,Partial_Shading
16.76,4.16,39.28,1168.12,20.9,Normal
19.32,5.04,30.02,830.4,21.07,Normal
11.24,3.34,42.44,303.89,11.49,Partial_Shading
17.86,4.68,38.95,1004.46,22.16,Normal
21.35,0.36,29.6,796.6,1.25,Open_Circuit
17.02,3.63,42.44,605.89,10.31,Dust_Accumulation
19.62,4.71,30.74,1038.8,21.57,Normal
16.22,4.35,49.87,592.78,13.82,Dust_Accumulation
17.91,3.55,43.07,598.69,13.5,Dust_Accumulation
18.38,5.88,39.18,940.0,23.18,Normal
19.74,5.32,39.79,647.75,10.58,Dust_Accumulation
20.48,3.99,35.32,819.74,21.91,Normal
15.69,1.86,33.1,170.89,8.3,Partial_Shading
22.5,0.0,30.17,949.39,1.39,Open_Circuit
15.58,2.65,42.16,461.42,13.67,Dust_Accumulation
2.68,8.44,59.08,529.22,1.78,Short_Circuit
13.12,2.36,37.75,454.36,10.58,Partial_Shading
17.64,3.9,50.99,497.53,14.53,Dust_Accumulation
23.59,0.0,40.05,849.61,1.28,Open_Circuit
1.41,7.79,68.98,784.65,2.75,Short_Circuit
18.57,4.73,24.98,883.6,21.57,Normal
18.78,4.39,42.83,487.35,12.5,Dust_Accumulation
20.15,5.72,31.51,926.16,20.72,Normal
13.8,2.28,38.3,235.29,8.05,Partial_Shading
17.67,4.8,40.66,938.89,22.56,Normal
12.53,3.37,52.92,242.14,4.25,Partial_Shading
14.73,4.34,47.08,440.71,14.97,Dust_Accumulation
0.61,7.63,71.9,1005.63,1.52,Short_Circuit
10.82,1.81,39.23,159.59,5.9,Partial_Shading
24.93,0.0,35.15,890.41,1.18,Open_Circuit
14.34,5.01,52.01,498.15,13.58,Dust_Accumulation
15.13,3.01,47.73,615.39,11.94,Dust_Accumulation
23.29,0.0,25.07,968.06,1.42,Open_Circuit
9.46,2.43,52.47,344.52,10.91,Partial_Shading
16.43,4.02,37.16,458.5,15.96,Dust_Accumulation
19.58,3.79,42.5,850.42,21.65,Normal
15.35,3.84,52.9,502.7,12.55,Dust_Accumulation
20.5,0.0,23.49,853.2,0.0,Open_Circuit
19.97,4.44,39.56,1145.38,22.23,Normal
16.56,5.52,30.07,832.87,22.68,Normal
0.0,7.08,81.46,694.96,2.03,Short_Circuit
21.49,0.17,35.19,1128.63,1.95,Open_Circuit
2.41,6.95,65.64,1189.82,0.63,Short_Circuit
21.93,4.59,30.58,1163.87,21.16,Normal
14.18,1.68,43.92,403.3,6.15,Partial_Shading
10.45,2.75,50.7,413.71,10.99,Partial_Shading
19.36,5.97,32.63,1008.9,22.2,Normal
20.71,5.38,28.46,1192.91,21.75,Normal
20.23,5.27,27.84,987.64,22.88,Normal
15.9,4.73,37.79,512.93,11.44,Dust_Accumulation
-0.0,6.63,62.81,1117.4,0.0,Short_Circuit
20.54,0.0,32.09,861.32,2.74,Open_Circuit
12.45,1.33,38.56,399.27,10.5,Partial_Shading
21.91,6.01,31.67,1071.45,21.54,Normal
8.99,3.09,34.64,302.65,8.85,Partial_Shading
2.06,7.22,81.43,597.43,0.99,Short_Circuit
3.09,7.89,69.32,653.1,0.11,Short_Circuit
24.05,0.3,38.62,1035.63,0.0,Open_Circuit
8.49,2.42,50.02,195.57,9.52,Partial_Shading
20.03,0.18,33.57,1197.54,1.11,Open_Circuit
19.22,4.65,27.45,985.73,22.86,Normal
14.21,3.92,41.96,624.98,11.62,Dust_Accumulation
14.34,4.49,48.05,647.33,15.17,Dust_Accumulation
21.91,0.0,23.78,982.36,0.0,Open_Circuit
13.09,3.54,54.23,455.47,11.79,Partial_Shading
17.59,4.74,36.99,820.73,21.85,Normal
11.9,1.58,51.67,366.2,11.18,Partial_Shading
25.48,0.0,36.4,859.13,2.77,Open_Circuit
21.36,0.17,34.74,870.24,0.44,Open_Circuit
2.7,6.3,72.36,1045.65,0.96,Short_Circuit
16.25,4.73,42.94,678.6,11.75,Dust_Accumulation
14.65,3.32,53.71,356.61,9.8,Partial_Shading
15.91,4.93,52.38,647.31,12.48,Dust_Accumulation
13.96,4.33,51.62,475.42,9.72,Dust_Accumulation
16.39,5.06,39.67,546.89,13.23,Dust_Accumulation
14.76,4.42,48.89,481.69,10.29,Dust_Accumulation
11.56,1.32,34.72,271.31,8.0,Partial_Shading
12.11,1.86,30.22,270.05,7.44,Partial_Shading
26.1,0.04,27.39,872.17,2.14,Open_Circuit
2.25,8.9,79.45,859.35,0.0,Short_Circuit
18.2,4.67,44.69,1173.73,22.37,Normal
19.22,5.61,28.47,978.05,22.41,Normal
18.53,5.09,43.18,1187.46,22.19,Normal
24.78,0.6,36.9,1173.12,0.06,Open_Circuit
25.64,0.6,29.49,815.65,0.18,Open_Circuit
8.55,2.71,42.4,225.39,5.59,Partial_Shading
23.71,0.0,29.88,899.7,1.31,Open_Circuit
1.37,8.59,78.99,1167.18,0.55,Short_Circuit
12.61,2.06,34.22,188.47,7.25,Partial_Shading
21.46,0.21,32.37,1064.35,0.26,Open_Circuit
0.76,6.08,76.06,886.54,2.07,Short_Circuit
1.95,6.14,71.55,505.38,0.65,Short_Circuit
2.32,8.74,61.87,725.12,0.63,Short_Circuit
13.68,2.95,42.32,472.52,7.72,Partial_Shading
19.76,4.65,53.45,508.57,12.06,Dust_Accumulation
8.6,2.59,35.15,388.3,10.56,Partial_Shading
8.52,2.74,35.25,177.02,9.53,Partial_Shading
23.96,0.34,30.03,713.46,1.22,Open_Circuit
20.11,0.0,35.88,784.05,0.22,Open_Circuit
22.31,5.79,40.17,1160.47,22.14,Normal
22.76,0.0,34.47,762.15,2.14,Open_Circuit
22.63,0.09,27.96,864.0,0.87,Open_Circuit
17.4,5.28,36.43,937.32,22.42,Normal
13.99,2.86,48.49,423.65,10.42,Partial_Shading
8.89,1.93,32.04,298.68,7.36,Partial_Shading
1.87,7.97,55.63,780.89,1.55,Short_Circuit
18.99,5.69,31.0,856.22,22.23,Normal
10.22,3.0,41.44,224.73,9.31,Partial_Shading
13.88,3.3,46.18,425.27,11.21,Partial_Shading
21.01,0.56,33.13,768.69,0.27,Open_Circuit
11.47,3.03,38.22,319.01,8.21,Partial_Shading
18.43,3.84,48.04,709.86,14.91,Dust_Accumulation
2.84,8.66,79.68,677.47,1.42,Short_Circuit
23.45,0.22,40.04,1186.7,0.0,Open_Circuit
1.3,7.19,69.48,847.31,0.59,Short_Circuit
12.61,4.14,47.6,662.26,11.96,Dust_Accumulation
17.88,3.51,48.19,486.14,10.96,Dust_Accumulation
22.4,0.2,25.65,1121.55,0.41,Open_Circuit
7.81,1.43,34.17,213.23,7.47,Partial_Shading
9.78,1.91,46.64,230.62,12.06,Partial_Shading
0.5,7.31,58.49,790.0,0.15,Short_Circuit
10.85,3.36,46.01,408.57,7.54,Partial_Shading
20.42,5.59,32.78,1078.44,21.48,Normal
1.8,9.93,73.78,884.99,1.27,Short_Circuit
12.37,1.58,51.48,198.07,11.78,Partial_Shading
12.92,3.54,38.03,183.24,9.06,Partial_Shading
18.47,3.18,43.38,593.58,11.44,Dust_Accumulation
13.24,3.53,45.06,493.92,9.35,Dust_Accumulation
2.65,6.77,79.22,982.12,0.28,Short_Circuit
1.05,6.87,54.17,851.87,1.42,Short_Circuit
15.55,4.17,52.6,555.55,16.84,Dust_Accumulation
11.73,3.19,49.19,274.58,5.55,Partial_Shading
19.46,0.0,33.94,840.3,1.69,Open_Circuit
2.8,8.07,61.23,917.14,1.09,Short_Circuit
17.95,4.83,36.41,1068.07,22.6,Normal
0.65,8.8,79.66,543.36,2.89,Short_Circuit
22.25,5.18,43.53,891.26,22.99,Normal
16.6,5.87,29.43,871.49,22.28,Normal
19.93,4.27,44.95,1016.82,21.42,Normal
19.29,4.64,36.88,820.75,22.03,Normal
3.87,9.35,57.07,795.55,0.0,Short_Circuit
17.82,5.13,43.04,461.09,11.29,Dust_Accumulation
10.0,1.46,53.63,215.54,9.99,Partial_Shading
20.12,5.44,44.63,1147.76,22.13,Normal
20.77,5.68,41.76,854.63,21.4,Normal
23.58,0.0,33.12,798.31,2.28,Open_Circuit
22.59,0.0,37.53,881.8,0.34,Open_Circuit
3.76,8.36,86.51,775.04,1.01,Short_Circuit
19.52,0.26,38.04,1194.48,1.12,Open_Circuit
16.92,4.07,43.73,1124.61,21.46,Normal
17.87,4.09,44.36,554.14,14.23,Dust_Accumulation
22.48,0.25,36.38,818.78,1.46,Open_Circuit
16.85,5.46,33.7,1213.41,22.95,Normal
17.86,4.61,35.42,637.1,14.62,Dust_Accumulation
15.22,3.63,51.72,514.89,13.29,Dust_Accumulation
23.8,0.0,37.16,1130.84,0.68,Open_Circuit
20.82,0.06,35.71,721.75,2.38,Open_Circuit
11.49,2.33,41.85,452.88,8.09,Partial_Shading
16.78,3.24,40.49,413.5,16.1,Dust_Accumulation
20.76,4.81,36.13,932.37,21.77,Normal
18.31,3.22,52.27,605.48,12.89,Dust_Accumulation
21.24,5.86,31.29,994.89,23.22,Normal
0.91,9.54,75.79,569.47,0.27,Short_Circuit
0.99,9.03,62.45,595.12,0.0,Short_Circuit
20.86,4.87,34.35,1087.16,21.9,Normal
0.63,9.32,61.78,927.01,2.56,Short_Circuit
22.41,0.37,38.62,713.45,0.56,Open_Circuit
19.84,2.62,32.57,597.69,11.13,Normal
1.7,9.37,74.64,1049.75,1.07,Short_Circuit
16.7,4.82,48.48,663.56,13.41,Normal
18.57,3.64,40.29,648.23,9.08,Dust_Accumulation
13.68,2.97,44.35,266.63,5.17,Partial_Shading
16.32,3.81,37.33,834.31,9.88,Dust_Accumulation
24.02,0.0,38.05,800.68,0.95,Open_Circuit
2.29,7.66,73.25,549.46,0.0,Short_Circuit
24.02,0.0,31.97,879.63,0.0,Open_Circuit
22.06,0.0,32.87,1025.98,0.79,Open_Circuit
15.3,1.27,49.33,432.78,7.5,Partial_Shading
3.2,7.25,59.58,551.27,0.02,Short_Circuit
9.47,2.36,46.89,388.46,9.03,Partial_Shading
17.85,4.46,40.39,715.47,14.1,Dust_Accumulation
8.86,3.11,36.51,262.78,10.85,Partial_Shading
20.25,4.18,43.53,1051.74,21.08,Normal
15.82,3.7,44.49,501.23,10.81,Dust_Accumulation
8.7,2.7,50.92,256.13,5.53,Partial_Shading
1.66,7.49,66.96,1147.94,0.9,Short_Circuit
1.52,7.95,59.9,876.96,1.58,Short_Circuit
2.21,6.3,62.6,711.18,0.58,Short_Circuit
2.5,9.63,59.85,673.78,2.88,Short_Circuit
13.13,2.68,39.53,359.4,11.71,Partial_Shading
20.44,4.04,40.68,918.82,21.98,Normal
1.71,6.77,72.68,1217.13,0.54,Short_Circuit
8.24,2.24,47.87,239.37,6.24,Partial_Shading
19.38,4.51,27.62,929.57,21.86,Normal
11.02,3.67,51.08,170.54,9.41,Partial_Shading
3.51,8.59,72.93,652.97,1.81,Short_Circuit
12.44,2.18,36.64,327.14,9.93,Partial_Shading
21.51,5.34,35.45,830.81,21.81,Normal
9.97,2.48,40.4,283.98,6.88,Partial_Shading
16.06,4.45,39.51,451.83,14.06,Dust_Accumulation
17.59,4.24,47.62,428.01,12.17,Dust_Accumulation
14.43,4.58,36.17,552.92,11.37,Dust_Accumulation
20.19,0.18,30.86,1155.22,2.22,Open_Circuit
23.34,0.0,40.85,1155.6,0.0,Open_Circuit
19.89,4.43,27.99,1087.46,21.51,Normal
9.63,1.93,35.95,377.82,5.91,Partial_Shading
3.26,7.31,56.18,731.02,0.0,Short_Circuit
15.24,2.7,39.78,647.01,11.69,Normal
20.61,4.56,27.74,934.47,22.53,Normal
24.08,0.34,36.13,807.56,1.18,Open_Circuit
13.91,1.61,43.97,257.44,8.29,Partial_Shading
2.43,9.01,70.65,1158.97,1.89,Short_Circuit
15.79,3.48,37.41,720.86,11.1,Dust_Accumulation
4.66,6.79,81.61,1131.33,1.53,Short_Circuit
21.62,0.05,28.8,727.96,1.86,Open_Circuit
12.37,2.87,50.82,304.99,6.95,Partial_Shading
18.26,5.33,38.18,830.47,21.69,Normal
15.98,3.0,46.97,460.92,10.57,Dust_Accumulation
21.02,3.75,26.58,937.97,21.8,Normal
23.8,0.0,25.0,1070.41,2.28,Open_Circuit
20.47,5.66,28.5,1086.8,22.27,Normal
20.85,4.0,35.38,892.41,22.11,Normal
9.85,1.34,32.35,233.41,6.89,Partial_Shading
14.17,1.32,42.17,284.54,7.06,Partial_Shading
14.91,3.85,51.7,479.65,12.2,Dust_Accumulation
18.06,4.26,39.95,842.67,21.92,Normal
18.5,3.74,51.93,536.74,12.01,Dust_Accumulation
20.26,0.31,38.16,1072.78,1.59,Open_Circuit
19.16,4.45,39.54,1176.63,22.5,Normal
17.12,4.25,26.23,1199.0,21.12,Normal
0.14,7.71,81.1,1082.16,2.92,Short_Circuit
0.68,8.66,81.35,560.81,0.88,Short_Circuit
23.8,0.18,35.76,729.84,0.0,Open_Circuit
24.71,0.0,38.66,1162.46,2.2,Open_Circuit
1.26,6.69,84.22,596.76,2.49,Short_Circuit
20.96,5.49,26.17,982.48,21.26,Normal
4.28,6.18,70.58,738.79,1.5,Short_Circuit
20.21,0.41,39.53,843.16,1.32,Open_Circuit
12.74,1.69,38.32,308.24,10.93,Partial_Shading
22.17,0.0,35.9,837.99,2.34,Open_Circuit
14.24,1.87,33.41,412.53,9.58,Partial_Shading
19.5,0.0,38.35,779.98,1.42,Open_Circuit
16.99,3.0,43.25,419.21,12.9,Dust_Accumulation
8.66,3.73,36.08,450.82,11.41,Partial_Shading
10.88,2.91,43.16,264.65,12.14,Partial_Shading
12.7,3.15,35.8,357.95,10.55,Partial_Shading
2.0,7.76,80.3,869.4,2.47,Short_Circuit
14.3,3.96,48.91,474.58,11.2,Partial_Shading
3.07,7.82,63.02,1133.93,1.85,Short_Circuit
17.78,4.58,28.52,1081.4,22.59,Normal
15.48,3.67,50.5,581.07,11.9,Dust_Accumulation
18.51,5.91,30.77,1032.25,22.26,Normal
15.8,3.77,41.83,471.94,15.01,Dust_Accumulation
8.82,1.64,49.04,319.18,11.91,Partial_Shading
14.35,3.19,35.26,214.97,7.61,Partial_Shading
17.39,4.01,41.53,927.45,20.63,Normal
15.45,3.84,34.47,630.61,12.96,Dust_Accumulation
18.84,4.57,36.04,576.53,10.53,Dust_Accumulation
20.51,0.0,34.94,855.56,1.23,Open_Circuit
1.57,8.82,60.31,1027.61,1.39,Short_Circuit
21.6,0.23,27.8,712.84,0.0,Open_Circuit
10.35,0.84,36.02,253.13,11.65,Partial_Shading
20.56,0.14,36.93,1114.79,1.71,Open_Circuit
1.84,9.83,83.84,844.51,0.0,Short_Circuit
20.57,0.0,29.91,757.04,0.22,Open_Circuit
19.68,5.04,27.29,846.38,20.81,Normal
3.76,8.98,85.57,978.91,0.85,Short_Circuit
19.88,5.03,35.82,841.54,22.55,Normal
21.35,0.0,29.41,769.45,1.33,Open_Circuit
1.38,8.08,70.94,566.78,1.72,Short_Circuit
20.43,4.42,28.81,794.83,22.01,Normal
7.94,2.67,36.15,315.69,9.89,Partial_Shading
0.2,7.34,69.33,1042.55,2.88,Short_Circuit
15.5,3.75,46.44,494.05,11.87,Dust_Accumulation
21.05,0.16,37.6,1071.03,1.07,Open_Circuit
17.32,3.5,42.85,434.29,14.93,Dust_Accumulation
16.58,4.05,46.37,592.15,11.23,Dust_Accumulation
11.38,2.23,42.3,359.25,11.0,Partial_Shading
21.22,5.21,29.58,997.79,21.63,Normal
14.18,3.97,36.4,564.05,10.98,Dust_Accumulation
16.56,3.32,54.35,628.62,9.53,Dust_Accumulation
19.25,4.42,38.59,895.43,21.2,Normal
22.3,0.63,37.29,828.49,0.65,Open_Circuit
14.73,3.34,44.27,610.54,14.8,Dust_Accumulation
20.69,4.33,38.36,948.38,21.87,Normal
19.21,2.23,45.24,582.21,14.82,Partial_Shading
25.15,0.04,34.15,1090.49,1.75,Open_Circuit
19.53,0.27,37.73,778.09,0.24,Open_Circuit
17.52,5.23,26.76,1107.46,21.54,Normal
13.29,3.79,50.67,473.3,12.17,Dust_Accumulation
0.79,7.93,67.63,637.52,1.35,Short_Circuit
20.85,0.0,40.3,1123.35,0.27,Open_Circuit
3.83,9.55,67.39,821.66,2.17,Short_Circuit
1.46,6.78,75.61,793.57,0.0,Short_Circuit
15.79,4.08,46.65,436.12,15.29,Dust_Accumulation
21.3,4.23,41.03,817.87,21.91,Normal
21.02,0.22,39.29,814.01,1.49,Open_Circuit
0.49,7.04,80.28,524.57,0.83,Short_Circuit
21.29,0.0,37.64,1138.81,0.0,Open_Circuit
17.68,4.12,38.11,647.14,13.25,Dust_Accumulation
24.65,0.0,29.01,810.26,1.26,Open_Circuit
19.23,4.3,30.76,1059.29,21.55,Normal
12.49,2.2,41.31,188.18,8.74,Partial_Shading
18.75,3.22,36.24,547.13,11.69,Dust_Accumulation
18.66,3.66,49.46,663.85,11.72,Dust_Accumulation
0.54,7.83,53.86,621.84,1.21,Short_Circuit
22.64,0.18,25.65,1078.09,0.98,Open_Circuit
15.35,4.49,43.01,633.22,12.35,Dust_Accumulation
20.05,4.45,43.83,991.81,21.76,Normal
18.34,3.07,48.24,640.56,10.7,Dust_Accumulation
16.12,4.2,48.18,422.26,10.89,Dust_Accumulation
17.59,4.96,40.9,715.91,16.05,Dust_Accumulation
23.31,0.01,30.81,864.54,2.26,Open_Circuit
20.16,0.29,38.85,708.15,2.21,Open_Circuit
1.48,6.32,74.57,1095.68,1.3,Short_Circuit
15.91,4.68,47.5,543.63,9.49,Normal
18.18,3.15,34.63,610.99,12.77,Dust_Accumulation
10.18,3.0,42.45,181.48,8.41,Partial_Shading
7.55,2.6,55.24,259.1,6.97,Partial_Shading
17.89,3.93,45.27,451.52,15.14,Dust_Accumulation
14.24,1.59,37.87,453.33,6.99,Partial_Shading
21.63,5.63,44.91,935.54,22.31,Normal
19.81,0.0,27.14,774.8,1.68,Open_Circuit
16.97,4.47,39.59,1116.33,22.24,Normal
21.94,0.04,34.87,1168.58,0.76,Open_Circuit
17.26,5.66,41.05,1120.43,21.95,Normal
3.1,7.44,59.22,725.06,0.0,Short_Circuit
15.19,4.32,38.61,607.22,10.44,Dust_Accumulation
18.65,4.74,32.98,816.0,22.42,Normal
0.0,7.84,68.8,557.91,1.27,Short_Circuit
18.49,4.55,37.89,1157.85,21.94,Normal
15.65,4.4,42.07,707.93,13.79,Dust_Accumulation
23.2,0.46,29.74,738.66,1.57,Open_Circuit
13.17,0.99,47.46,482.06,6.87,Partial_Shading
14.6,2.16,41.34,272.05,8.69,Partial_Shading
1.05,7.92,69.98,1070.41,1.7,Short_Circuit
19.72,3.73,49.8,518.33,11.61,Dust_Accumulation
18.89,4.84,39.06,975.21,21.58,Normal
21.21,0.05,30.28,986.0,1.14,Open_Circuit
21.48,4.56,34.78,890.65,21.6,Normal
21.51,0.25,28.25,1208.06,1.08,Open_Circuit
16.43,3.64,39.33,442.79,12.32,Dust_Accumulation
8.84,2.95,46.84,268.05,6.98,Partial_Shading
19.22,4.59,29.56,1107.2,23.24,Normal
22.82,0.22,27.7,1085.56,1.18,Open_Circuit
21.9,0.17,35.95,963.98,2.71,Open_Circuit
4.57,7.69,63.86,508.81,0.59,Short_Circuit
20.1,6.01,30.0,1155.75,21.76,Normal
8.76,0.88,33.98,130.66,7.66,Partial_Shading
16.53,4.36,49.37,697.6,15.42,Dust_Accumulation
10.8,3.21,49.43,179.67,10.75,Partial_Shading
21.13,5.55,27.47,852.89,22.16,Normal
19.51,4.59,42.88,523.72,11.69,Dust_Accumulation
12.61,1.16,41.76,428.91,5.19,Partial_Shading
23.38,0.0,38.38,1222.05,0.41,Open_Circuit
7.15,2.81,41.03,152.36,6.72,Partial_Shading
11.03,1.31,34.55,246.5,8.55,Partial_Shading
9.97,1.91,53.85,178.9,11.58,Partial_Shading
24.53,0.0,28.4,759.64,0.65,Open_Circuit
23.0,0.07,36.49,878.42,0.53,Open_Circuit
14.76,4.08,46.45,611.58,12.16,Dust_Accumulation
14.74,4.52,33.75,426.83,12.93,Dust_Accumulation
0.0,10.28,80.29,961.87,1.48,Short_Circuit
8.78,1.59,50.84,229.71,11.18,Partial_Shading
14.83,4.46,40.37,654.25,14.3,Dust_Accumulation
16.42,4.66,53.78,400.94,12.93,Dust_Accumulation
0.0,6.8,66.55,847.67,3.13,Short_Circuit
1.28,7.66,62.21,902.6,1.55,Short_Circuit
2.53,7.46,82.44,910.38,2.81,Short_Circuit
15.87,3.9,42.98,742.75,16.2,Normal
20.11,0.46,28.18,985.71,1.43,Open_Circuit
11.13,1.71,32.51,218.1,9.73,Partial_Shading
17.38,5.82,36.39,850.54,21.63,Normal
10.67,3.39,45.24,685.43,12.22,Dust_Accumulation
14.07,3.81,53.64,501.19,14.82,Dust_Accumulation
0.0,9.4,65.37,1207.5,2.62,Short_Circuit
21.34,5.84,35.78,850.78,22.85,Normal
10.36,3.1,30.69,260.55,8.57,Partial_Shading
1.34,9.41,65.31,543.38,2.26,Short_Circuit
19.42,4.39,26.39,862.86,22.28,Normal
24.23,0.09,31.5,1023.44,1.34,Open_Circuit
18.05,4.9,26.6,965.64,23.15,Normal
0.81,9.98,61.78,1038.55,3.11,Short_Circuit
14.83,4.16,45.35,423.02,14.42,Dust_Accumulation
21.96,0.0,33.02,900.74,1.85,Open_Circuit
19.38,4.06,43.94,817.4,21.63,Normal
16.25,4.57,45.71,780.62,16.74,Normal
17.06,6.47,37.49,1114.47,21.62,Normal
4.12,9.71,61.2,1039.21,3.14,Short_Circuit
13.45,3.94,46.33,889.71,9.55,Dust_Accumulation
20.27,0.05,31.37,870.49,0.8,Open_Circuit
14.12,4.47,42.42,450.84,16.41,Dust_Accumulation
21.59,0.1,28.93,700.16,1.87,Open_Circuit
13.69,2.01,39.99,124.49,9.75,Partial_Shading
20.91,6.0,36.23,1111.0,22.93,Normal
18.11,3.22,45.64,578.13,15.78,Dust_Accumulation
18.93,3.37,53.56,500.35,14.03,Dust_Accumulation
19.02,4.31,45.75,900.67,22.04,Normal
22.42,5.39,31.67,1181.81,22.15,Normal
18.85,4.16,46.17,418.64,15.56,Dust_Accumulation
15.14,2.98,37.54,224.6,12.22,Partial_Shading
19.73,5.15,33.48,1086.79,22.6,Normal
1.94,9.5,73.52,606.72,1.1,Short_Circuit
12.33,1.32,52.13,338.09,7.44,Partial_Shading
18.46,2.89,41.4,527.59,11.61,Dust_Accumulation
17.86,4.73,46.77,812.29,16.0,Dust_Accumulation
0.84,9.41,70.4,978.39,1.52,Short_Circuit
15.77,3.79,46.4,384.57,10.99,Dust_Accumulation
17.97,5.39,35.64,985.91,21.36,Normal
17.63,5.1,38.79,610.33,9.77,Dust_Accumulation
18.01,5.47,38.61,853.83,21.71,Normal
17.51,5.45,43.93,1214.43,21.88,Normal
8.15,2.71,55.37,203.35,5.99,Partial_Shading
18.07,3.95,32.13,1002.39,21.99,Normal
22.57,0.17,32.76,868.72,0.7,Open_Circuit
23.88,0.14,40.52,799.8,0.39,Open_Circuit
17.86,3.39,35.69,440.5,14.37,Dust_Accumulation
15.68,3.63,47.02,533.73,10.74,Dust_Accumulation
19.58,5.21,39.93,811.6,21.51,Normal
16.71,4.49,24.89,865.06,23.5,Normal
16.94,4.86,37.38,647.9,10.46,Normal
15.47,2.96,39.24,509.4,10.79,Dust_Accumulation
2.09,8.22,66.31,534.47,0.69,Short_Circuit
1.54,7.53,72.73,559.46,0.33,Short_Circuit
2.15,6.28,84.52,547.15,2.72,Short_Circuit
7.44,3.13,44.01,301.31,4.82,Partial_Shading
17.9,3.13,39.5,655.59,16.53,Dust_Accumulation
15.7,4.26,49.82,533.39,11.86,Dust_Accumulation
20.17,0.4,33.87,952.08,4.59,Normal
13.54,4.22,54.33,605.01,12.05,Dust_Accumulation
21.57,0.0,36.43,1000.87,1.25,Open_Circuit
0.68,7.14,81.11,780.58,2.76,Short_Circuit
15.11,3.81,48.03,468.89,11.72,Dust_Accumulation
16.11,4.68,41.64,488.42,9.8,Dust_Accumulation
9.19,2.66,43.99,177.13,8.61,Partial_Shading
18.69,5.59,27.53,1143.91,20.89,Normal
17.8,4.98,33.17,872.03,21.03,Normal
2.08,8.5,54.4,732.52,2.27,Short_Circuit
11.61,2.29,46.39,305.09,10.54,Partial_Shading
17.58,3.46,42.56,652.27,12.15,Dust_Accumulation
8.39,0.96,34.78,435.79,9.16,Partial_Shading
2.55,6.86,65.59,598.36,0.0,Short_Circuit
22.1,0.0,25.52,1076.32,0.03,Open_Circuit
2.85,9.84,60.66,639.77,1.25,Short_Circuit
17.46,4.26,28.49,834.32,22.14,Normal
13.61,2.6,48.61,319.12,11.66,Partial_Shading
17.48,4.21,35.42,534.25,10.92,Dust_Accumulation
18.15,4.37,36.6,1152.68,22.07,Normal
9.06,2.84,45.05,374.55,6.15,Partial_Shading
13.39,2.27,45.77,330.66,6.3,Partial_Shading
13.93,4.1,31.2,541.62,11.35,Partial_Shading
11.72,1.71,40.69,364.22,6.35,Partial_Shading
16.29,3.4,38.78,574.56,13.38,Dust_Accumulation
20.09,0.2,34.09,904.64,3.06,Open_Circuit
12.37,2.16,45.76,204.27,6.35,Partial_Shading
20.51,0.35,32.32,864.83,3.87,Open_Circuit
20.49,5.17,33.07,1105.2,22.2,Normal
13.58,1.15,45.76,281.18,8.49,Partial_Shading
19.35,4.56,27.17,1014.52,22.46,Normal
4.05,9.67,59.31,549.9,0.5,Short_Circuit
19.54,5.72,28.28,913.78,22.31,Normal
25.41,0.07,32.94,937.22,0.47,Open_Circuit
9.38,2.79,41.18,171.91,10.43,Partial_Shading
16.94,4.38,34.42,700.57,12.41,Dust_Accumulation
17.24,3.58,48.94,514.72,14.58,Dust_Accumulation
24.05,0.0,37.57,776.84,0.8,Open_Circuit
0.74,6.68,78.08,790.17,1.1,Short_Circuit
17.83,4.18,45.46,792.13,16.5,Dust_Accumulation
16.8,4.77,43.83,1176.64,21.9,Normal
21.72,0.18,39.9,834.0,1.03,Normal
22.82,0.52,39.75,1054.01,1.08,Open_Circuit
14.31,1.76,46.51,155.81,10.6,Partial_Shading
13.22,4.39,38.91,540.91,12.39,Dust_Accumulation
20.92,4.77,42.96,857.01,22.25,Normal
9.12,2.43,30.82,363.31,8.99,Partial_Shading
16.94,3.76,42.68,595.08,14.63,Dust_Accumulation
20.06,5.29,32.68,1086.05,21.88,Normal
19.52,4.49,28.56,982.71,22.46,Normal
24.44,0.0,39.88,799.8,1.13,Open_Circuit
18.2,4.52,35.94,671.48,9.92,Dust_Accumulation
21.65,3.34,34.6,1138.13,21.88,Normal
3.1,7.89,70.95,485.09,0.53,Short_Circuit
20.81,4.76,36.14,1012.35,22.02,Normal
22.05,0.0,31.87,752.11,1.65,Open_Circuit
8.38,2.96,34.69,130.85,9.12,Partial_Shading
21.26,4.84,39.22,1137.46,22.5,Normal
20.14,4.86,25.98,857.82,22.86,Normal
1.41,6.77,71.83,1143.19,2.22,Short_Circuit
15.37,5.12,39.29,523.58,15.84,Dust_Accumulation
9.79,3.33,39.36,254.27,10.9,Partial_Shading
19.47,4.26,50.51,435.42,13.69,Dust_Accumulation
19.18,3.51,50.02,575.68,13.72,Dust_Accumulation
12.46,3.15,43.51,260.65,7.68,Partial_Shading
19.66,5.16,39.2,1162.75,22.7,Normal
17.45,4.26,25.26,1202.52,22.5,Normal
2.98,6.65,82.83,550.44,1.88,Short_Circuit
17.7,3.31,48.13,549.06,12.0,Dust_Accumulation
3.18,7.66,67.86,1170.15,2.56,Short_Circuit
1.22,9.55,73.96,551.85,2.19,Short_Circuit
21.49,5.8,45.62,845.08,21.49,Normal
8.94,2.33,46.25,467.97,10.16,Partial_Shading
16.13,4.82,48.37,689.29,16.18,Dust_Accumulation
20.67,5.01,26.14,1085.31,22.32,Normal
10.06,2.41,53.12,414.19,9.57,Partial_Shading
17.91,5.15,28.04,1062.72,22.08,Normal
2.09,9.33,80.93,592.29,2.76,Short_Circuit
18.54,4.48,48.33,727.44,14.32,Dust_Accumulation
23.24,0.5,25.82,1041.8,0.91,Open_Circuit
1.92,6.38,68.11,670.78,2.68,Short_Circuit
17.67,3.74,39.0,486.15,10.85,Dust_Accumulation
17.42,3.53,43.78,416.23,13.14,Dust_Accumulation
21.41,5.75,42.43,1156.08,22.29,Normal
19.29,4.85,47.02,689.93,14.28,Dust_Accumulation
20.46,0.0,27.06,831.37,1.31,Open_Circuit
16.54,2.94,46.97,643.58,9.33,Normal
18.74,5.05,44.13,1014.67,21.51,Normal
22.9,0.08,40.13,881.08,0.94,Open_Circuit
19.93,5.89,42.54,1052.87,23.23,Normal
14.07,5.05,52.07,502.27,15.2,Dust_Accumulation
19.2,4.17,49.21,567.45,9.79,Dust_Accumulation
16.52,3.08,43.25,489.13,12.79,Dust_Accumulation
16.91,5.74,39.73,889.83,22.29,Normal
18.11,3.61,35.84,497.45,14.75,Dust_Accumulation
20.85,5.61,24.8,1068.21,22.64,Normal
0.0,9.01,82.79,877.69,3.41,Short_Circuit
17.01,3.78,40.13,634.4,8.82,Normal
23.22,0.26,28.16,809.63,2.27,Open_Circuit
18.17,3.21,43.4,499.42,12.5,Dust_Accumulation
22.96,0.26,33.13,858.09,0.43,Open_Circuit
22.34,0.22,32.95,1091.0,1.35,Open_Circuit
10.69,0.73,37.78,273.91,8.41,Partial_Shading
24.74,0.22,34.3,922.4,1.44,Open_Circuit
22.09,0.16,38.82,732.18,0.94,Open_Circuit
22.16,0.0,35.5,1146.27,1.18,Open_Circuit
9.07,3.58,32.8,416.69,11.21,Partial_Shading
19.27,4.85,34.6,1144.26,21.69,Normal
13.35,2.73,54.34,166.51,5.41,Partial_Shading
22.65,5.77,31.97,1138.87,23.02,Normal
24.79,0.13,28.87,967.45,1.42,Open_Circuit
18.25,5.66,36.2,1220.9,22.18,Normal
19.29,0.25,26.91,1040.84,0.49,Open_Circuit
17.12,4.74,49.16,700.07,15.37,Normal
20.6,5.43,34.75,1158.41,21.78,Normal
19.42,5.26,33.99,950.36,22.22,Normal
0.94,8.46,79.81,1038.97,1.64,Short_Circuit
0.5,6.38,72.78,897.49,2.49,Short_Circuit
13.23,3.95,51.03,476.19,12.71,Dust_Accumulation
17.44,4.13,52.52,492.79,14.83,Dust_Accumulation
16.88,3.68,54.43,448.34,12.87,Dust_Accumulation
16.62,4.28,49.66,405.73,10.3,Dust_Accumulation
20.92,4.56,39.01,1022.2,22.41,Normal
11.73,4.56,33.5,708.27,12.01,Normal
0.04,8.57,70.36,772.28,2.24,Short_Circuit
4.11,8.41,60.71,579.81,1.11,Short_Circuit
22.67,0.27,36.83,1005.37,0.0,Open_Circuit
20.56,5.19,37.68,1045.6,22.55,Normal
14.98,1.54,36.64,204.29,7.54,Partial_Shading
24.35,0.4,32.98,821.17,0.12,Open_Circuit
0.0,8.02,61.29,889.61,0.18,Short_Circuit
9.46,1.88,33.97,385.57,6.92,Partial_Shading
19.12,0.0,34.1,832.49,0.95,Open_Circuit
21.38,0.0,30.47,984.08,0.0,Open_Circuit
23.33,0.07,34.14,1062.18,1.85,Open_Circuit
15.87,4.38,52.33,436.08,14.75,Dust_Accumulation
15.69,3.06,44.15,518.92,11.8,Dust_Accumulation
9.68,1.44,40.72,308.89,5.31,Partial_Shading
21.57,0.25,27.74,876.28,0.51,Open_Circuit
21.69,4.96,42.2,887.05,22.68,Normal
13.04,2.75,30.17,380.52,7.3,Partial_Shading
17.62,3.85,50.39,648.56,13.87,Dust_Accumulation
14.79,3.56,47.83,224.82,7.86,Partial_Shading
17.37,6.02,27.57,882.4,22.36,Normal
18.12,2.66,40.84,709.53,11.11,Dust_Accumulation
17.15,4.32,32.76,1108.35,22.5,Normal
19.36,4.35,28.71,1047.36,23.59,Normal
2.63,7.89,77.29,970.87,0.19,Short_Circuit
14.0,1.7,50.53,268.34,7.16,Partial_Shading
2.2,9.83,68.53,1101.22,0.92,Short_Circuit
12.84,2.4,35.0,216.96,8.65,Partial_Shading
15.41,4.71,46.69,474.73,10.48,Dust_Accumulation
16.38,3.13,42.57,861.46,8.95,Normal
1.0,9.2,59.01,676.69,1.47,Short_Circuit
3.5,7.23,69.8,854.65,2.04,Short_Circuit
8.03,2.71,54.52,463.46,6.0,Partial_Shading
1.5,7.66,72.86,572.54,2.62,Short_Circuit
20.43,0.14,30.51,1031.84,1.18,Open_Circuit
17.86,3.74,42.37,1046.06,22.33,Normal
21.77,0.14,34.09,1009.12,0.0,Open_Circuit
2.09,7.28,54.48,615.54,1.87,Short_Circuit
22.71,0.18,27.87,744.74,1.41,Open_Circuit
11.15,1.31,37.91,414.32,7.19,Partial_Shading
24.19,0.3,29.44,895.92,0.06,Open_Circuit
20.29,0.38,31.32,863.47,0.0,Open_Circuit
0.0,6.8,80.87,1046.01,0.16,Short_Circuit
15.03,2.28,54.31,407.89,5.43,Partial_Shading
9.96,1.86,40.8,204.34,8.81,Partial_Shading
20.13,3.74,26.91,929.01,21.27,Normal
23.89,0.14,35.96,1008.14,0.04,Open_Circuit
21.33,5.38,25.51,776.09,22.33,Normal
18.48,4.45,52.92,469.34,11.16,Dust_Accumulation
18.47,5.2,26.32,1163.95,22.52,Normal
20.75,0.13,40.03,1057.55,0.0,Open_Circuit
15.83,2.27,42.26,539.24,14.2,Normal
18.79,4.42,46.27,602.83,10.27,Dust_Accumulation
24.03,0.0,30.78,1118.89,1.37,Open_Circuit
11.74,3.32,51.31,429.67,6.65,Partial_Shading
11.96,2.18,39.13,185.85,10.7,Partial_Shading
24.63,0.57,41.32,801.27,0.12,Open_Circuit
3.63,5.78,60.94,926.28,3.95,Short_Circuit
23.34,0.0,39.57,923.86,1.38,Open_Circuit
2.46,6.12,70.42,544.95,3.59,Short_Circuit
9.8,1.79,32.25,215.28,8.93,Partial_Shading
0.57,9.06,70.86,781.55,1.48,Short_Circuit
16.18,4.26,43.57,690.1,14.91,Dust_Accumulation
21.87,0.0,35.58,963.29,0.8,Open_Circuit
20.26,4.73,32.03,1113.27,22.11,Normal
13.68,3.77,50.7,632.67,13.27,Dust_Accumulation
12.13,3.58,36.82,177.61,11.66,Partial_Shading
23.14,0.0,31.38,1080.5,1.19,Open_Circuit
8.72,1.83,42.29,253.05,6.26,Partial_Shading
15.76,4.36,41.57,576.76,10.59,Dust_Accumulation
2.3,7.71,73.26,650.32,0.0,Short_Circuit
11.76,1.47,41.05,447.01,5.58,Partial_Shading
1.31,6.01,62.62,590.49,1.92,Short_Circuit
8.48,2.33,47.37,196.1,6.07,Partial_Shading
1.52,6.81,68.85,1138.73,0.54,Short_Circuit
3.01,9.44,75.27,829.3,1.81,Short_Circuit
1.05,6.3,79.82,823.05,3.64,Short_Circuit
21.26,0.03,24.26,891.11,2.17,Open_Circuit
21.2,0.0,36.9,1116.14,0.14,Open_Circuit
9.79,1.21,51.07,192.53,9.66,Partial_Shading
21.79,0.07,25.55,925.46,2.71,Open_Circuit
0.28,7.65,66.29,855.54,2.66,Short_Circuit
2.4,8.06,84.11,1167.6,1.24,Short_Circuit
18.54,6.53,43.82,1049.84,21.6,Normal
14.58,3.85,47.73,594.16,14.72,Dust_Accumulation
20.78,0.14,34.38,1231.16,1.74,Open_Circuit
15.21,3.89,48.45,880.22,9.03,Dust_Accumulation
7.75,2.86,40.88,169.16,5.69,Partial_Shading
14.64,4.16,45.93,575.78,10.55,Dust_Accumulation
0.86,7.88,71.55,705.6,0.0,Short_Circuit
14.97,3.46,40.98,521.0,12.1,Dust_Accumulation
20.95,4.63,28.86,1159.27,22.03,Normal
17.84,4.69,39.05,465.28,15.01,Dust_Accumulation
21.71,0.02,36.67,964.59,1.21,Open_Circuit
19.61,5.82,31.34,1006.25,21.29,Normal
20.64,4.45,29.44,974.64,22.11,Normal
15.9,3.75,37.77,576.65,12.13,Dust_Accumulation
16.53,3.97,39.62,433.31,14.91,Dust_Accumulation
9.44,2.85,35.53,417.92,9.67,Partial_Shading
16.74,4.89,56.45,494.06,14.93,Dust_Accumulation
18.39,4.37,35.49,1069.69,21.51,Normal
13.2,2.1,52.53,251.82,8.84,Partial_Shading
12.84,2.21,50.87,350.02,8.33,Partial_Shading
19.8,5.31,37.94,866.12,22.52,Normal
2.81,8.37,58.82,546.18,0.64,Short_Circuit
14.36,2.3,31.44,322.53,10.41,Partial_Shading
21.48,4.65,36.95,995.55,21.29,Normal
20.37,0.4,25.16,1070.16,0.0,Open_Circuit
17.75,5.07,38.91,671.02,12.59,Dust_Accumulation
17.32,3.85,43.28,561.39,14.44,Dust_Accumulation
0.56,8.22,58.7,722.06,3.03,Short_Circuit
22.27,0.27,31.92,878.84,1.19,Open_Circuit
2.75,8.1,58.14,759.23,0.0,Short_Circuit
2.1,6.61,60.13,887.39,1.32,Short_Circuit
15.37,2.93,46.49,546.38,9.81,Dust_Accumulation
17.69,4.41,43.25,1058.52,20.82,Normal
0.92,7.42,58.47,1153.48,1.99,Short_Circuit
0.44,6.55,58.86,1148.86,3.15,Short_Circuit
13.57,3.04,52.06,271.02,10.54,Partial_Shading
21.95,0.0,31.9,784.42,0.76,Open_Circuit
15.83,3.42,38.3,588.32,9.51,Dust_Accumulation
16.36,4.59,25.71,987.75,21.04,Normal
18.1,6.33,41.83,956.01,21.38,Normal
7.81,1.65,39.62,357.08,11.55,Partial_Shading
22.93,5.02,37.32,958.84,22.91,Normal
2.86,5.71,64.87,1134.87,0.93,Short_Circuit
14.59,4.04,41.95,738.6,14.38,Dust_Accumulation
21.67,0.0,33.72,866.74,1.06,Open_Circuit
17.25,3.92,52.84,477.15,13.74,Dust_Accumulation
17.17,4.57,31.7,1123.45,21.08,Normal
10.41,2.94,40.01,183.61,8.73,Partial_Shading
0.0,6.4,84.98,548.6,2.88,Short_Circuit
17.77,4.44,40.24,684.93,16.77,Normal
14.86,3.57,39.64,459.37,12.25,Dust_Accumulation
9.19,1.95,52.46,445.57,9.48,Partial_Shading
20.99,4.31,41.44,927.82,21.59,Normal
15.93,3.88,48.15,486.83,14.46,Dust_Accumulation
24.6,0.0,32.07,930.86,0.28,Open_Circuit
23.81,0.36,37.32,915.41,1.09,Open_Circuit
22.5,0.34,36.95,693.77,1.86,Open_Circuit
13.75,0.96,46.39,448.12,5.67,Partial_Shading
19.8,5.09,41.23,911.4,21.24,Normal
2.99,9.49,68.68,690.9,2.25,Short_Circuit
20.76,4.68,31.76,1144.85,21.26,Normal
3.26,8.53,75.33,1010.18,0.0,Short_Circuit
17.23,5.25,44.17,1149.81,21.91,Normal
23.81,0.16,35.96,1106.28,1.03,Open_Circuit
15.48,3.71,50.19,451.45,10.23,Dust_Accumulation
9.59,1.82,54.69,368.27,8.45,Partial_Shading
18.25,5.18,31.16,1179.61,21.88,Normal
0.95,9.2,64.58,942.53,1.32,Short_Circuit
7.75,1.82,51.26,325.77,6.68,Partial_Shading
1.38,10.05,54.94,852.9,0.59,Short_Circuit
24.32,0.63,29.29,1094.72,1.13,Open_Circuit
2.57,6.76,68.11,1016.74,2.96,Short_Circuit
22.17,0.0,28.01,835.62,1.22,Open_Circuit
20.95,4.47,34.76,1155.09,23.11,Normal
21.4,0.0,23.86,836.87,1.37,Open_Circuit
2.84,8.65,82.79,1066.82,4.29,Short_Circuit
9.0,1.42,37.8,251.75,7.41,Partial_Shading
12.95,1.37,43.94,363.9,10.09,Partial_Shading
17.92,5.28,37.15,811.8,21.97,Normal
15.74,4.77,48.3,537.21,11.39,Dust_Accumulation
20.37,5.08,37.34,918.99,22.7,Normal
10.12,1.03,35.89,304.28,12.84,Partial_Shading
21.15,0.46,35.37,1080.88,1.32,Open_Circuit
21.97,0.0,35.71,1002.69,2.55,Open_Circuit
22.17,0.38,26.42,949.3,1.63,Open_Circuit
17.48,3.03,41.34,594.36,11.64,Dust_Accumulation
19.91,4.02,33.17,1061.01,22.31,Normal
1.11,7.08,71.61,738.26,4.06,Short_Circuit
19.51,0.49,26.72,688.22,1.47,Open_Circuit
2.62,8.02,78.97,1007.58,1.35,Short_Circuit
2.7,6.77,83.13,706.93,2.38,Short_Circuit
21.05,4.31,33.54,1147.86,22.99,Normal
22.83,0.07,28.2,1060.91,0.88,Open_Circuit
23.47,0.0,33.61,1104.87,0.2,Open_Circuit
20.11,0.25,34.73,901.74,0.74,Open_Circuit
16.75,3.08,36.01,545.43,12.59,Dust_Accumulation
10.54,2.79,35.24,329.68,10.16,Partial_Shading
2.65,8.07,65.46,1029.2,1.26,Short_Circuit
17.42,4.5,40.26,1198.52,21.54,Normal
22.03,0.32,39.36,704.3,1.22,Open_Circuit
16.12,3.4,41.29,834.25,8.51,Partial_Shading
9.25,3.03,49.15,368.94,10.08,Partial_Shading
14.4,4.51,36.02,475.61,12.93,Dust_Accumulation
19.53,0.0,33.59,834.53,1.39,Open_Circuit
18.42,4.68,41.6,470.25,15.2,Dust_Accumulation
22.9,0.14,28.49,1080.56,2.27,Open_Circuit
8.35,1.27,30.98,240.41,9.95,Partial_Shading
18.5,3.42,40.97,466.77,11.69,Dust_Accumulation
22.96,0.0,30.09,1120.77,1.36,Open_Circuit
14.18,2.37,39.9,386.58,7.2,Partial_Shading
14.28,3.31,52.62,491.98,12.5,Partial_Shading
3.3,8.64,74.53,769.09,1.6,Short_Circuit
20.23,0.35,39.65,884.79,1.68,Open_Circuit
14.15,2.07,53.65,385.02,8.37,Partial_Shading
0.24,8.62,59.29,1024.99,3.71,Short_Circuit
12.5,2.26,54.35,391.11,8.66,Partial_Shading
16.04,3.54,39.98,609.02,14.61,Dust_Accumulation
8.7,1.69,39.56,193.43,9.98,Partial_Shading
12.33,2.68,40.91,226.7,6.26,Partial_Shading
25.09,0.03,25.71,927.52,1.13,Open_Circuit
14.04,3.82,40.44,460.92,12.87,Dust_Accumulation
21.64,4.76,37.98,1009.64,21.73,Normal
12.44,1.15,34.56,365.6,6.54,Partial_Shading
11.44,2.36,33.32,385.05,11.13,Partial_Shading
19.32,3.89,45.8,777.45,20.52,Normal
21.12,4.68,29.12,995.86,22.8,Normal
18.03,3.94,39.25,1092.86,23.88,Normal
18.74,4.32,51.15,496.28,12.78,Dust_Accumulation
0.21,9.4,66.61,1023.53,2.13,Short_Circuit
16.55,4.53,50.84,545.43,14.21,Dust_Accumulation
18.6,3.66,43.8,436.55,13.04,Dust_Accumulation
21.86,0.0,29.3,833.32,1.94,Open_Circuit
15.46,4.29,51.75,418.9,11.08,Dust_Accumulation
24.49,0.29,37.4,916.73,0.0,Open_Circuit
16.62,3.4,42.23,602.29,10.99,Dust_Accumulation
14.89,4.1,38.7,661.67,15.64,Dust_Accumulation
20.69,0.0,39.34,888.69,2.4,Open_Circuit
22.82,0.0,30.61,928.04,0.0,Open_Circuit
7.83,2.37,54.54,381.73,11.07,Partial_Shading
22.89,0.0,33.92,828.64,0.99,Open_Circuit
16.56,2.98,35.68,684.19,15.25,Dust_Accumulation
22.54,0.41,25.88,727.53,0.94,Open_Circuit
22.55,0.03,37.5,745.02,1.37,Open_Circuit
2.31,5.79,59.43,782.64,3.34,Short_Circuit
17.29,4.0,37.0,397.63,10.3,Dust_Accumulation
7.31,2.09,50.39,403.87,7.74,Partial_Shading
14.52,4.06,51.81,418.51,10.28,Dust_Accumulation
0.68,6.8,69.0,521.83,1.43,Short_Circuit
16.56,4.21,32.06,1121.75,21.79,Normal
20.69,0.11,38.14,819.67,0.0,Open_Circuit
9.5,2.34,31.96,240.77,5.35,Partial_Shading
20.69,5.55,37.9,969.61,22.01,Normal
13.72,3.0,53.72,495.16,11.33,Dust_Accumulation
21.74,4.2,34.72,821.3,23.23,Normal
23.86,0.0,30.03,793.5,0.49,Open_Circuit
20.54,0.16,32.95,955.57,0.36,Open_Circuit
24.76,0.0,31.03,1045.06,1.54,Open_Circuit
15.23,4.22,44.1,619.21,11.96,Dust_Accumulation
12.62,1.62,42.33,375.62,12.14,Partial_Shading
21.18,0.3,36.08,901.88,4.59,Open_Circuit
20.95,0.0,34.19,785.76,0.66,Open_Circuit
1.57,7.59,69.96,668.36,1.4,Short_Circuit
0.0,6.21,80.62,909.21,1.04,Short_Circuit
8.46,2.63,34.71,336.26,12.34,Partial_Shading
11.66,2.99,35.55,184.85,7.85,Partial_Shading
17.54,4.42,40.0,613.28,10.67,Dust_Accumulation
16.35,3.84,52.45,558.79,14.6,Dust_Accumulation
11.19,3.14,44.78,449.72,8.24,Partial_Shading
13.64,2.61,48.85,362.48,6.13,Partial_Shading
21.25,4.71,36.71,931.52,22.21,Normal
13.78,4.88,49.85,528.2,12.23,Dust_Accumulation
24.4,0.15,35.88,888.39,0.52,Open_Circuit
20.49,0.13,25.32,1074.88,2.94,Open_Circuit
12.39,1.65,42.69,344.6,4.53,Partial_Shading
12.25,2.86,40.22,182.63,6.05,Partial_Shading
14.96,3.34,37.09,299.16,10.13,Partial_Shading
0.2,8.93,60.05,672.5,1.26,Short_Circuit
19.19,0.0,35.57,832.67,1.2,Open_Circuit
23.76,0.49,34.49,1119.8,0.95,Open_Circuit
2.93,6.01,61.72,750.62,2.13,Short_Circuit
2.3,6.85,62.57,884.86,0.54,Short_Circuit
10.08,1.48,52.5,342.05,6.73,Partial_Shading
1.13,6.36,71.88,633.93,0.56,Short_Circuit
3.19,8.94,83.12,994.22,1.61,Short_Circuit
20.92,0.0,29.04,901.53,1.62,Open_Circuit
18.26,4.7,43.88,683.53,12.83,Dust_Accumulation
18.22,5.69,35.75,1136.67,23.1,Normal
19.62,4.81,25.38,1150.4,20.95,Normal
2.37,8.0,64.09,736.58,1.55,Short_Circuit
22.5,0.17,33.96,906.98,3.47,Open_Circuit
20.84,0.39,37.61,916.58,4.08,Open_Circuit
21.32,5.97,29.27,1153.82,23.96,Normal
12.2,2.27,47.82,184.52,4.99,Partial_Shading
18.08,3.87,37.88,850.41,21.47,Normal
1.34,7.51,72.51,590.66,3.0,Short_Circuit
20.06,0.0,28.31,1132.33,2.22,Open_Circuit
23.38,0.22,35.39,871.28,2.37,Open_Circuit
12.66,1.14,30.77,158.81,5.22,Partial_Shading
22.19,0.0,27.26,789.94,0.01,Open_Circuit
15.99,4.03,49.77,480.16,13.96,Dust_Accumulation
21.6,0.01,33.66,999.4,2.16,Open_Circuit
24.05,0.0,27.48,810.83,2.07,Open_Circuit
11.36,2.61,37.78,656.56,13.9,Normal
23.07,0.02,38.8,713.66,1.17,Open_Circuit
2.59,9.54,80.84,522.68,1.27,Short_Circuit
15.68,3.72,52.18,541.78,15.03,Dust_Accumulation
16.35,3.81,38.94,684.22,13.21,Dust_Accumulation
16.94,3.84,46.17,464.56,15.64,Dust_Accumulation
14.15,1.26,30.12,341.09,7.27,Partial_Shading
19.34,3.28,53.54,434.68,15.77,Dust_Accumulation
0.0,6.97,74.7,695.76,2.26,Short_Circuit
25.72,0.23,29.1,744.13,1.28,Open_Circuit
24.63,0.0,34.3,748.13,0.0,Open_Circuit
13.76,3.54,49.4,475.12,8.18,Partial_Shading
3.49,9.34,61.65,800.95,0.52,Short_Circuit
17.01,5.25,37.27,533.6,13.21,Dust_Accumulation
17.75,4.67,44.89,1081.1,21.73,Normal
14.33,3.0,50.31,307.01,10.92,Partial_Shading
2.11,8.3,71.0,516.76,1.25,Short_Circuit
22.44,0.01,34.07,871.25,1.23,Open_Circuit
8.64,1.54,31.24,382.44,6.18,Partial_Shading
20.16,5.66,36.17,1002.04,21.97,Normal
14.7,2.81,40.76,544.33,14.32,Dust_Accumulation
19.68,0.3,36.06,862.5,1.04,Open_Circuit
3.63,9.04,62.01,938.17,2.05,Short_Circuit
1.93,9.9,80.19,648.77,1.58,Short_Circuit
13.69,4.1,43.24,444.87,11.17,Dust_Accumulation
4.71,6.96,65.89,987.59,1.18,Short_Circuit
16.29,4.49,32.65,885.21,22.52,Normal
17.12,2.71,45.85,736.81,14.43,Normal
17.8,3.29,40.28,653.56,15.97,Dust_Accumulation
10.86,0.58,29.29,452.75,6.6,Partial_Shading
15.09,3.07,44.86,480.22,14.57,Dust_Accumulation
18.57,3.27,37.05,516.99,9.18,Dust_Accumulation
2.07,7.77,68.56,664.58,1.95,Short_Circuit
22.91,0.0,37.9,948.27,1.83,Open_Circuit
22.98,5.34,29.81,1064.73,22.01,Normal
13.97,1.65,42.06,230.17,5.88,Partial_Shading
21.95,5.46,43.43,1173.84,23.02,Normal
19.13,5.72,27.07,808.19,21.83,Normal
17.67,4.34,41.3,650.85,14.35,Dust_Accumulation
21.79,4.34,44.89,1161.2,22.62,Normal
20.77,4.77,36.23,973.21,22.15,Normal
18.73,5.0,36.33,587.49,12.29,Dust_Accumulation
10.66,1.78,45.11,239.26,10.0,Partial_Shading
22.83,0.0,24.39,731.16,0.0,Open_Circuit
22.66,0.05,37.1,706.07,1.08,Open_Circuit
15.83,2.68,52.08,601.71,14.8,Dust_Accumulation
24.78,0.0,33.01,834.14,2.52,Open_Circuit
16.5,3.58,51.14,637.34,15.32,Dust_Accumulation
14.81,4.19,47.19,724.45,11.45,Dust_Accumulation
1.75,8.53,61.14,762.14,2.32,Short_Circuit
15.56,3.11,36.38,592.64,13.75,Dust_Accumulation
18.2,4.67,31.1,1063.19,22.6,Normal
14.64,3.43,53.65,592.64,12.25,Dust_Accumulation
3.93,7.24,58.28,1073.22,0.99,Short_Circuit
16.11,4.83,48.5,726.76,15.9,Normal
24.05,0.58,27.51,1087.18,2.48,Open_Circuit
22.5,4.96,32.9,858.27,22.89,Normal
0.0,9.68,66.86,810.81,0.83,Short_Circuit
18.24,3.88,34.5,1209.87,22.68,Normal
12.86,1.28,40.95,206.98,9.34,Partial_Shading
2.93,7.92,66.22,850.86,2.34,Short_Circuit
18.15,4.09,55.38,591.78,13.33,Dust_Accumulation
19.41,5.5,38.49,874.86,22.04,Normal
17.43,4.17,52.11,417.54,10.67,Dust_Accumulation
17.41,3.95,49.9,410.07,12.85,Dust_Accumulation
22.9,0.03,38.68,730.03,0.17,Open_Circuit
13.07,2.59,39.86,402.65,7.64,Partial_Shading
20.56,4.59,33.51,853.29,21.74,Normal
18.07,4.04,52.62,512.2,16.97,Normal
19.2,3.95,27.2,928.78,21.22,Normal
14.14,2.79,50.19,261.65,6.82,Partial_Shading
17.32,4.9,36.67,1106.28,21.71,Normal
14.25,2.37,45.63,317.88,6.49,Partial_Shading
15.13,2.43,38.62,258.41,8.17,Partial_Shading
2.25,6.82,72.73,840.82,2.19,Short_Circuit
21.12,0.0,35.81,1162.19,1.68,Open_Circuit
1.11,8.1,75.34,704.68,0.0,Short_Circuit
17.16,4.11,48.12,387.32,15.02,Dust_Accumulation
17.33,6.26,28.07,847.36,21.82,Normal
21.87,5.77,43.52,1110.63,21.77,Normal
22.62,5.82,32.42,1134.87,21.79,Normal
12.93,2.62,49.23,375.93,7.82,Partial_Shading
18.15,4.6,42.74,1154.4,20.51,Normal
12.67,2.97,35.56,248.43,7.4,Partial_Shading
20.11,5.54,29.46,1077.69,20.7,Normal
17.57,4.42,40.4,453.81,11.7,Dust_Accumulation
22.35,0.23,37.99,929.3,1.33,Open_Circuit
20.52,0.06,34.6,801.22,0.0,Open_Circuit
12.34,1.55,48.68,396.6,10.73,Partial_Shading
14.42,2.23,52.99,251.93,12.05,Partial_Shading
21.43,0.2,38.83,889.36,3.24,Open_Circuit
9.65,1.96,34.38,268.74,11.13,Partial_Shading
13.24,4.54,53.35,525.48,15.59,Dust_Accumulation
23.11,5.52,28.67,781.79,22.2,Normal
13.25,2.26,52.54,396.33,6.4,Partial_Shading
22.93,0.0,32.65,707.0,0.06,Open_Circuit
1.39,7.17,60.5,727.93,0.0,Short_Circuit
22.49,0.43,29.27,768.06,0.54,Open_Circuit
20.65,0.23,34.24,858.47,2.97,Open_Circuit
24.98,0.25,40.49,864.83,1.52,Open_Circuit
24.46,0.29,37.14,765.28,0.0,Open_Circuit
17.94,4.16,49.3,719.89,15.66,Dust_Accumulation
15.91,2.93,38.06,897.86,10.27,Dust_Accumulation
21.96,0.18,38.36,1182.75,1.32,Open_Circuit
14.77,4.07,43.53,648.55,14.82,Dust_Accumulation
1.52,6.49,80.48,528.91,1.02,Short_Circuit
18.29,4.85,41.27,506.11,15.98,Dust_Accumulation
15.91,3.42,35.49,535.35,12.39,Dust_Accumulation
14.83,2.34,41.2,202.27,9.28,Partial_Shading
8.02,2.94,30.2,307.5,8.94,Partial_Shading
18.59,5.08,33.28,1122.25,21.9,Normal
20.64,0.12,32.09,904.71,1.49,Open_Circuit
16.27,3.3,36.99,455.25,14.81,Dust_Accumulation
15.76,4.36,38.64,605.07,13.41,Dust_Accumulation
23.67,0.38,39.92,1153.2,0.27,Open_Circuit
3.99,7.13,58.16,721.12,1.51,Short_Circuit
0.0,10.15,64.48,702.7,1.24,Short_Circuit
21.72,0.25,35.54,943.62,0.68,Open_Circuit
2.35,8.13,66.82,720.32,2.22,Short_Circuit
17.52,4.28,51.14,616.59,12.8,Dust_Accumulation
0.53,7.64,68.92,739.55,1.09,Short_Circuit
23.49,0.59,36.88,729.74,1.21,Open_Circuit
19.86,4.04,43.2,1175.39,21.11,Normal
16.06,4.35,43.76,633.89,11.13,Dust_Accumulation
23.51,0.0,36.76,750.38,2.16,Open_Circuit
3.15,8.43,57.7,777.35,1.45,Short_Circuit
3.52,7.24,77.56,832.35,0.46,Short_Circuit
11.06,0.97,56.88,366.77,11.8,Partial_Shading
24.26,0.19,30.43,729.86,0.0,Open_Circuit
15.35,1.53,29.92,301.94,10.24,Partial_Shading
18.68,2.93,47.89,527.47,16.65,Dust_Accumulation
18.41,4.89,40.24,1143.31,22.1,Normal
17.72,5.98,46.18,1050.94,22.54,Normal
16.97,5.42,50.25,525.98,12.96,Dust_Accumulation
3.4,6.66,83.22,1143.04,1.6,Short_Circuit
3.69,9.48,75.69,781.24,1.83,Short_Circuit
18.08,4.57,29.0,1011.85,22.48,Normal
19.1,3.16,49.68,586.76,12.23,Dust_Accumulation
19.66,0.0,33.21,1199.65,2.14,Open_Circuit
18.7,3.51,47.56,607.27,13.62,Dust_Accumulation
14.44,4.99,46.56,485.57,13.77,Dust_Accumulation
18.89,0.21,35.92,1158.03,1.7,Open_Circuit
11.91,1.8,45.36,298.05,5.98,Partial_Shading
0.28,10.25,70.25,803.5,2.02,Short_Circuit
15.32,3.42,55.61,381.95,8.47,Partial_Shading
14.29,3.31,35.51,302.87,10.67,Partial_Shading
1.12,7.59,82.5,1018.62,0.79,Short_Circuit
0.62,7.57,66.92,1198.41,2.02,Short_Circuit
8.72,1.95,50.28,359.3,6.03,Partial_Shading
11.01,2.34,30.72,183.02,12.06,Partial_Shading
24.46,0.0,30.48,871.82,1.77,Open_Circuit
17.33,4.56,37.95,589.55,14.77,Dust_Accumulation
21.79,5.2,38.62,1049.63,21.69,Normal
16.85,5.37,24.78,784.63,21.88,Normal
18.77,3.99,46.56,460.69,11.78,Dust_Accumulation
15.0,3.75,55.48,510.79,11.92,Dust_Accumulation
19.64,4.81,41.69,1123.09,22.23,Normal
3.71,6.39,74.17,699.71,0.41,Short_Circuit
8.91,2.23,48.48,309.02,5.46,Partial_Shading
17.19,3.55,27.09,816.01,22.3,Normal
21.03,4.99,29.36,1104.06,22.03,Normal
22.16,5.07,41.9,810.96,20.86,Normal
23.97,0.17,38.66,1135.2,1.07,Open_Circuit
15.19,3.63,35.58,701.4,11.04,Dust_Accumulation
10.54,1.07,38.97,303.3,8.03,Partial_Shading
10.98,3.08,39.5,388.38,12.34,Partial_Shading
17.21,4.62,34.66,835.32,22.83,Normal
21.93,0.03,32.95,1105.62,0.54,Open_Circuit
14.85,3.24,54.88,442.3,12.86,Partial_Shading
18.11,3.8,24.04,911.87,21.6,Normal
1.45,6.16,74.2,1070.72,0.73,Short_Circuit
19.27,0.43,30.6,812.41,1.68,Open_Circuit
21.07,0.01,39.27,733.16,0.01,Open_Circuit
2.44,9.5,66.88,861.58,0.97,Short_Circuit
21.14,0.07,26.6,1060.2,2.39,Open_Circuit
13.21,3.43,45.4,438.06,12.89,Partial_Shading
2.71,9.79,61.07,983.98,1.91,Short_Circuit
1.9,9.53,74.64,968.03,1.08,Short_Circuit
1.17,8.21,76.19,1035.29,3.51,Short_Circuit
18.78,5.23,37.76,890.59,23.16,Normal
20.47,4.84,23.81,1141.14,22.94,Normal
16.61,4.79,25.22,950.58,21.48,Normal
1.75,9.53,82.52,944.62,0.77,Short_Circuit
18.45,4.22,24.33,1094.25,22.4,Normal
22.34,0.13,30.06,1077.0,0.87,Open_Circuit
20.85,0.22,33.51,720.4,1.13,Open_Circuit
18.56,4.75,47.27,613.15,14.33,Dust_Accumulation
19.42,5.18,36.01,888.53,22.46,Normal
22.34,0.29,28.55,990.93,0.0,Open_Circuit
21.88,5.17,44.78,844.07,23.55,Normal
11.5,0.95,47.23,233.82,9.76,Partial_Shading
21.07,0.16,29.54,896.74,1.29,Open_Circuit
13.91,2.78,36.13,745.85,8.31,Normal
18.6,4.29,44.83,462.39,13.75,Dust_Accumulation
14.06,1.65,30.3,302.59,6.52,Partial_Shading
12.77,1.57,45.64,153.05,8.71,Partial_Shading
13.24,4.68,49.02,514.3,12.73,Dust_Accumulation
15.12,3.25,52.28,580.76,10.98,Dust_Accumulation
2.05,8.03,78.77,834.43,2.6,Short_Circuit
23.45,0.36,39.1,857.85,0.0,Open_Circuit
10.08,4.77,31.36,778.9,10.66,Dust_Accumulation
23.38,0.16,25.28,678.83,0.33,Open_Circuit
20.8,0.14,34.07,771.24,0.59,Open_Circuit
16.58,3.26,46.16,566.75,11.38,Dust_Accumulation
10.61,2.88,30.49,365.34,8.3,Partial_Shading
19.19,5.58,30.91,971.47,20.77,Normal
20.87,4.95,36.2,1101.77,21.79,Normal
14.57,2.43,43.9,363.29,9.62,Partial_Shading
13.98,1.09,44.58,157.93,6.04,Partial_Shading
3.29,9.88,77.48,666.84,0.0,Short_Circuit
22.44,5.41,43.19,1077.31,22.31,Normal
20.86,4.02,26.09,900.67,21.6,Normal
19.81,0.41,32.7,909.98,3.93,Open_Circuit
3.87,7.02,60.92,641.85,2.05,Short_Circuit
11.74,0.85,36.86,359.17,4.15,Partial_Shading
15.2,2.79,40.63,322.84,9.38,Partial_Shading
21.72,0.15,36.04,1172.79,0.31,Open_Circuit
3.91,9.7,71.25,1073.04,2.42,Short_Circuit
21.01,5.32,31.22,1018.91,22.58,Normal
8.83,3.38,31.77,232.81,12.04,Partial_Shading
3.72,10.1,72.3,660.44,0.11,Short_Circuit
1.59,10.06,66.7,593.22,2.44,Short_Circuit
20.54,0.22,30.13,929.76,2.28,Open_Circuit
16.41,3.85,43.84,788.06,8.88,Partial_Shading
14.41,4.31,52.51,565.07,14.47,Dust_Accumulation
20.92,0.04,31.72,980.37,0.62,Open_Circuit
17.69,3.34,39.95,593.59,15.31,Dust_Accumulation
12.72,2.23,50.32,433.86,11.24,Partial_Shading
4.11,6.33,63.59,858.59,1.38,Short_Circuit
18.53,5.28,33.37,964.53,20.87,Normal
19.27,5.25,43.41,1132.73,23.38,Normal
16.04,3.28,39.13,601.66,14.46,Dust_Accumulation
17.28,3.63,55.19,496.18,15.76,Dust_Accumulation
2.92,9.03,62.72,582.18,0.75,Short_Circuit
20.24,0.04,39.2,1097.57,0.71,Open_Circuit
17.9,4.68,33.81,981.11,22.36,Normal
21.3,0.0,37.42,699.17,0.69,Open_Circuit
17.08,3.96,47.05,444.27,14.31,Dust_Accumulation
15.44,3.31,34.15,578.09,10.82,Dust_Accumulation
16.22,3.87,53.62,646.28,11.82,Dust_Accumulation
17.72,4.53,43.95,1191.88,21.75,Normal
7.94,1.77,40.9,231.93,10.57,Partial_Shading
14.66,3.48,43.29,486.42,12.79,Dust_Accumulation
21.57,0.0,39.29,974.47,0.0,Open_Circuit
21.43,0.03,30.92,871.46,1.87,Open_Circuit
16.75,4.16,42.78,780.92,14.01,Normal
13.02,1.14,41.84,212.61,6.41,Partial_Shading
1.35,9.91,78.91,786.57,1.13,Short_Circuit
21.72,0.01,36.63,920.99,0.07,Open_Circuit
25.11,0.09,33.07,1002.33,0.56,Open_Circuit
13.04,3.37,55.22,331.43,6.7,Partial_Shading
17.13,3.25,40.13,454.76,15.95,Dust_Accumulation
9.21,2.75,42.58,426.8,7.84,Partial_Shading
8.79,3.35,49.54,289.66,7.1,Partial_Shading
15.27,4.09,51.64,554.76,14.95,Dust_Accumulation
25.53,0.28,37.72,852.12,0.52,Open_Circuit
19.65,5.79,36.25,1110.81,21.39,Normal
16.05,4.12,42.79,408.43,15.02,Dust_Accumulation
11.09,3.38,49.69,674.38,8.28,Dust_Accumulation
10.59,1.69,36.61,298.9,7.73,Partial_Shading
10.27,2.03,47.54,173.16,10.02,Partial_Shading
22.04,0.0,32.15,939.13,0.0,Open_Circuit
25.42,0.34,33.07,802.89,0.66,Open_Circuit
2.79,9.52,64.37,609.23,1.63,Short_Circuit
17.91,5.72,43.6,796.49,22.78,Normal
2.12,7.74,59.88,704.46,0.0,Short_Circuit
2.8,6.88,69.64,1095.62,1.25,Short_Circuit
17.5,6.13,40.33,900.16,21.67,Normal
19.1,4.39,53.08,409.15,11.07,Dust_Accumulation
9.99,2.62,34.69,403.78,6.46,Partial_Shading
8.73,2.77,52.18,304.71,5.85,Partial_Shading
18.72,5.63,25.71,1038.6,23.93,Normal
17.13,4.17,45.61,498.57,11.56,Dust_Accumulation
15.07,2.88,55.42,450.42,16.73,Dust_Accumulation
15.34,2.63,52.09,354.34,9.44,Partial_Shading
21.05,5.57,41.69,1160.18,22.0,Normal
21.17,5.56,40.1,1124.38,22.07,Normal
18.2,3.23,46.33,542.75,13.85,Dust_Accumulation
21.22,4.85,44.67,1137.6,22.41,Normal
20.19,4.7,40.98,1006.26,22.76,Normal
1.14,8.99,80.94,552.75,1.59,Short_Circuit
9.57,1.65,51.59,255.29,10.06,Partial_Shading
23.02,0.54,24.12,714.13,0.87,Open_Circuit
18.82,5.4,40.64,1158.18,22.78,Normal
24.01,5.18,30.82,952.21,21.73,Normal
17.57,3.96,40.75,1044.76,20.95,Normal
15.75,4.66,40.27,545.69,11.09,Dust_Accumulation
12.8,2.1,40.93,315.42,7.55,Partial_Shading
21.39,0.28,37.41,1190.32,0.69,Open_Circuit
23.0,5.53,36.22,1007.09,23.05,Normal
16.81,3.12,41.58,458.46,11.85,Dust_Accumulation
8.69,1.11,55.32,158.81,8.54,Partial_Shading
18.45,3.82,41.16,675.49,14.14,Dust_Accumulation
1.0,9.4,72.03,951.49,0.0,Short_Circuit
13.87,2.96,48.36,292.42,5.54,Partial_Shading
14.08,3.1,52.42,242.43,9.89,Partial_Shading
3.28,7.08,80.82,1095.52,0.43,Short_Circuit
22.42,0.53,39.71,814.05,1.71,Open_Circuit
17.61,5.53,26.77,1051.55,22.66,Normal
18.83,4.32,42.71,588.55,11.83,Dust_Accumulation
21.55,0.43,34.1,1023.15,1.34,Open_Circuit
8.38,3.09,46.02,239.24,5.76,Partial_Shading
17.65,4.84,32.58,1009.55,22.27,Normal
20.88,0.0,30.32,1019.91,1.17,Open_Circuit
11.59,1.68,46.37,276.37,5.12,Partial_Shading
13.94,0.85,36.58,313.42,9.33,Partial_Shading
21.78,5.88,28.63,953.79,20.65,Normal
11.77,2.44,31.42,437.12,9.09,Partial_Shading
17.23,4.82,45.97,700.71,14.2,Dust_Accumulation
20.87,4.36,44.63,853.14,22.23,Normal
19.36,4.4,47.92,699.38,13.01,Dust_Accumulation
14.58,3.17,53.0,442.12,11.45,Partial_Shading
15.23,4.95,38.98,474.62,12.75,Dust_Accumulation
17.19,3.23,47.21,629.03,11.73,Dust_Accumulation
15.21,3.76,48.83,719.02,9.25,Dust_Accumulation
20.46,4.16,32.78,1078.22,21.26,Normal
22.05,5.85,38.76,833.47,21.59,Normal
12.85,3.37,36.66,745.9,9.54,Normal
13.47,2.98,48.54,244.84,6.37,Partial_Shading
21.59,0.35,35.76,778.91,1.09,Open_Circuit
18.96,4.12,32.84,1006.19,23.1,Normal
13.37,4.11,44.57,683.98,11.96,Normal
0.0,8.3,78.39,1178.82,2.33,Short_Circuit
2.33,6.15,71.73,977.07,0.0,Short_Circuit
18.88,5.0,31.78,1176.49,20.96,Normal
12.15,1.34,41.38,262.37,11.63,Partial_Shading
13.57,4.47,48.71,563.69,14.35,Dust_Accumulation
11.71,1.76,53.98,196.35,9.94,Partial_Shading
15.16,3.6,37.92,669.51,12.51,Dust_Accumulation
9.81,3.2,38.68,417.36,10.01,Partial_Shading
9.37,3.03,48.26,167.13,11.86,Partial_Shading
23.66,0.0,29.9,1127.63,0.86,Open_Circuit
13.37,1.69,42.67,407.37,11.16,Partial_Shading
20.05,5.31,24.18,851.09,22.28,Normal
2.39,8.35,81.72,1014.55,1.2,Short_Circuit
13.74,3.08,40.92,397.48,6.85,Partial_Shading
3.15,7.45,60.6,1163.26,1.27,Short_Circuit
14.72,3.93,43.93,564.84,11.79,Dust_Accumulation
13.53,4.11,46.25,895.82,13.23,Partial_Shading
8.6,2.0,38.93,424.65,10.92,Partial_Shading
19.07,5.44,28.1,943.2,21.21,Normal
3.05,6.96,57.59,1142.68,0.97,Short_Circuit
18.81,4.76,38.65,1190.77,22.84,Normal
14.94,2.72,42.07,687.57,9.71,Normal
10.15,2.62,44.23,193.1,8.34,Partial_Shading
17.09,4.75,48.7,773.91,15.16,Dust_Accumulation
17.45,3.76,36.69,498.98,11.31,Dust_Accumulation
0.35,6.79,73.66,754.38,1.08,Short_Circuit
12.01,2.64,33.94,344.76,9.03,Partial_Shading
0.41,8.85,54.78,697.74,2.79,Short_Circuit
11.91,1.9,37.25,213.43,10.92,Partial_Shading
19.01,0.35,30.3,877.03,3.02,Open_Circuit
1.76,8.37,76.43,491.47,1.22,Short_Circuit
12.15,2.95,37.44,458.14,8.55,Partial_Shading
24.97,0.1,36.72,748.26,0.0,Open_Circuit
0.85,9.02,63.53,1158.69,2.4,Short_Circuit
1.65,7.58,62.48,937.99,2.84,Short_Circuit
17.53,3.76,49.12,677.64,11.68,Dust_Accumulation
14.33,3.61,37.12,713.66,10.71,Normal
10.63,1.86,51.58,167.69,7.69,Partial_Shading
19.81,5.44,26.65,891.19,22.24,Normal
3.55,6.08,84.39,1215.52,0.3,Short_Circuit
22.01,0.31,39.65,1235.07,0.23,Open_Circuit
1.34,9.11,77.0,556.73,3.36,Short_Circuit
17.97,3.16,48.72,433.71,13.99,Dust_Accumulation
3.81,9.89,54.61,903.56,0.0,Short_Circuit
4.32,7.56,62.29,999.16,2.22,Short_Circuit
17.86,4.63,54.83,367.7,13.65,Dust_Accumulation
1.55,6.02,77.37,1090.62,0.96,Short_Circuit
9.37,2.42,52.6,132.33,9.57,Partial_Shading
2.28,7.04,60.43,1055.57,0.0,Short_Circuit
14.95,4.19,37.69,440.63,10.5,Dust_Accumulation
13.79,4.34,46.47,450.01,13.41,Dust_Accumulation
11.36,1.17,31.33,392.57,7.56,Partial_Shading
2.92,7.4,68.66,683.38,2.17,Short_Circuit
14.43,2.83,50.31,204.25,12.02,Partial_Shading
22.02,0.0,28.26,1161.97,1.45,Open_Circuit
21.56,0.2,25.61,1061.93,0.23,Open_Circuit
1.23,9.36,73.72,1178.59,0.64,Short_Circuit
21.21,0.19,34.08,967.61,1.72,Open_Circuit
2.33,8.72,66.38,474.59,0.0,Short_Circuit
13.57,3.49,49.32,174.8,11.28,Partial_Shading
21.39,0.25,32.21,794.66,1.62,Open_Circuit
8.88,2.21,47.05,416.84,10.06,Partial_Shading
3.11,9.47,84.28,493.35,3.31,Short_Circuit
19.0,5.75,33.43,955.84,22.73,Normal
0.66,8.77,56.86,892.15,0.07,Short_Circuit
0.0,8.2,70.78,1015.06,0.78,Short_Circuit
2.81,7.26,57.64,1059.53,0.59,Short_Circuit
21.45,0.34,37.53,975.01,2.73,Open_Circuit
17.86,3.64,47.28,448.68,15.39,Dust_Accumulation
17.64,4.96,47.48,758.65,16.55,Dust_Accumulation
4.26,7.57,64.31,1095.3,3.82,Short_Circuit
13.89,2.62,45.45,465.29,10.21,Partial_Shading
2.56,7.0,67.91,571.67,0.98,Short_Circuit
2.49,6.27,60.95,585.13,3.55,Short_Circuit
15.61,4.73,46.96,512.38,11.87,Dust_Accumulation
0.19,6.24,65.17,1106.31,1.43,Short_Circuit
22.25,4.9,43.31,852.96,22.34,Normal
17.33,4.81,44.54,619.71,10.86,Dust_Accumulation
24.05,0.0,30.76,940.77,0.52,Open_Circuit
7.78,1.71,39.1,379.26,10.69,Partial_Shading
25.06,0.14,28.55,776.53,0.55,Open_Circuit
20.73,5.18,41.12,1177.5,23.01,Normal
18.64,4.64,43.8,780.47,14.55,Normal
21.16,5.2,33.94,855.94,21.83,Normal
22.85,0.07,28.72,1164.36,0.42,Open_Circuit
18.61,0.0,26.68,725.14,2.72,Open_Circuit
8.62,2.71,50.18,277.04,8.76,Partial_Shading
3.21,8.06,83.24,895.39,0.87,Short_Circuit
1.55,7.35,65.59,1034.3,1.85,Short_Circuit
10.94,1.5,39.66,430.38,8.98,Partial_Shading
3.68,7.53,62.38,785.1,0.67,Short_Circuit
13.56,3.29,50.23,798.88,8.89,Dust_Accumulation
17.41,4.02,47.89,721.67,14.95,Normal
15.65,3.37,52.01,528.81,15.75,Dust_Accumulation
19.92,4.92,39.98,510.78,10.38,Dust_Accumulation
2.48,9.97,62.58,672.78,1.9,Short_Circuit
9.13,3.07,40.85,399.49,5.42,Partial_Shading
18.23,2.76,49.93,505.06,15.74,Dust_Accumulation
17.41,4.14,47.94,436.31,15.25,Dust_Accumulation
0.58,9.73,73.51,469.1,0.0,Short_Circuit
16.99,4.32,42.61,997.55,21.19,Normal
18.16,4.4,46.99,444.12,14.3,Dust_Accumulation
1.33,7.75,78.81,910.49,0.85,Short_Circuit
14.01,4.92,38.84,485.97,13.83,Dust_Accumulation
0.0,7.88,59.45,698.71,2.86,Short_Circuit
25.02,0.0,36.86,787.53,1.45,Open_Circuit
23.13,0.27,39.19,758.29,1.22,Open_Circuit
3.28,7.41,72.18,805.34,0.23,Short_Circuit
3.48,8.33,56.62,1077.04,2.18,Short_Circuit
21.85,4.33,30.09,1171.29,22.14,Normal
12.64,3.67,30.92,401.83,6.45,Partial_Shading
13.31,3.56,54.2,250.75,8.98,Partial_Shading
18.49,5.72,33.63,940.35,22.31,Normal
23.6,0.16,26.75,852.09,0.11,Open_Circuit
3.54,9.41,79.98,1062.89,1.66,Short_Circuit
1.35,6.18,63.03,874.76,2.16,Short_Circuit
0.94,6.7,69.95,1016.71,0.59,Short_Circuit
25.28,0.22,35.9,852.33,2.01,Open_Circuit
1.79,8.31,81.85,1136.86,1.17,Short_Circuit
17.57,4.45,30.84,1159.77,21.69,Normal
11.28,1.21,48.2,435.37,10.73,Partial_Shading
12.57,2.41,52.4,197.49,11.0,Partial_Shading
1.56,9.5,63.87,841.94,0.04,Short_Circuit
17.94,3.1,44.64,658.84,11.51,Normal
18.24,4.63,44.27,796.02,16.71,Normal
10.96,1.84,39.41,208.07,5.78,Partial_Shading
14.02,4.21,51.11,629.78,10.78,Dust_Accumulation
18.87,3.91,36.6,660.47,11.05,Dust_Accumulation
16.99,3.44,48.06,535.35,14.73,Dust_Accumulation
21.03,4.14,37.74,1119.11,22.63,Normal
22.84,0.06,38.71,841.54,1.14,Open_Circuit
0.77,6.48,58.02,1149.75,2.93,Short_Circuit
14.61,3.2,38.83,668.28,13.49,Dust_Accumulation
1.41,8.81,84.34,954.08,2.99,Short_Circuit
13.11,3.95,50.71,423.01,10.92,Dust_Accumulation
17.82,5.79,33.6,923.26,22.07,Normal
21.33,0.35,40.68,807.74,0.0,Open_Circuit
18.93,4.4,37.81,1132.59,22.02,Normal
18.15,5.88,27.25,990.31,22.68,Normal
18.12,3.44,44.5,411.15,15.98,Dust_Accumulation
14.48,4.08,48.61,599.74,13.96,Dust_Accumulation
12.91,3.28,40.99,382.56,9.12,Partial_Shading
9.11,2.89,35.98,348.85,5.26,Partial_Shading
16.11,4.49,49.08,397.53,11.74,Dust_Accumulation
8.63,3.4,53.3,255.61,4.51,Partial_Shading
18.39,5.06,37.65,820.32,23.26,Normal
21.33,0.16,23.69,925.84,0.0,Open_Circuit
16.91,4.04,35.41,407.62,15.4,Dust_Accumulation
20.71,5.83,31.12,887.59,20.94,Normal
10.16,2.3,39.51,405.75,5.03,Partial_Shading
21.21,4.27,37.71,857.19,21.66,Normal
21.65,5.65,36.08,816.35,21.61,Normal
0.74,6.56,77.22,1011.56,2.03,Short_Circuit
22.4,0.0,38.03,1083.07,0.59,Open_Circuit
21.07,4.71,35.25,949.46,22.33,Normal
18.07,5.06,39.81,883.16,22.07,Normal
23.08,0.1,30.94,1002.82,0.0,Open_Circuit
21.71,0.15,25.75,792.79,1.34,Open_Circuit
4.5,8.65,54.49,722.19,0.92,Short_Circuit
20.98,0.28,36.97,888.87,3.54,Normal
1.17,7.67,61.14,741.69,1.28,Short_Circuit
13.62,4.65,49.21,514.66,14.34,Dust_Accumulation
2.89,8.49,64.89,963.57,0.33,Short_Circuit
14.89,3.96,48.77,474.73,11.85,Dust_Accumulation
18.92,0.5,27.61,1107.9,0.33,Open_Circuit
3.65,8.96,84.34,689.4,0.53,Short_Circuit
21.47,0.04,28.17,1184.57,1.26,Open_Circuit
20.72,5.38,37.0,796.15,22.6,Normal
15.55,1.1,32.92,375.57,9.93,Partial_Shading
16.04,3.53,39.03,551.01,12.27,Dust_Accumulation
10.11,2.16,33.27,384.96,8.62,Partial_Shading
17.58,3.54,51.86,560.91,15.89,Dust_Accumulation
20.48,5.01,30.2,873.17,21.47,Normal
20.84,0.13,35.44,975.26,0.07,Open_Circuit
14.57,5.06,38.41,706.92,14.35,Dust_Accumulation
1.01,5.9,54.82,876.77,0.0,Short_Circuit
3.47,8.62,59.26,493.14,0.1,Short_Circuit
20.7,0.04,31.42,960.06,3.09,Open_Circuit
3.21,7.35,62.99,897.29,1.7,Short_Circuit
15.04,3.22,45.01,439.7,12.8,Dust_Accumulation
2.67,7.4,82.16,594.93,2.11,Short_Circuit
17.98,4.3,41.49,434.01,11.52,Dust_Accumulation
8.57,1.16,45.0,276.67,9.13,Partial_Shading
1.52,7.77,77.67,1047.59,1.21,Short_Circuit
0.0,9.89,70.7,1085.27,1.86,Short_Circuit
3.8,9.72,69.72,1033.06,2.05,Short_Circuit
19.16,3.94,35.91,523.67,9.54,Dust_Accumulation
23.88,0.0,27.09,1079.72,0.86,Open_Circuit
17.74,4.4,37.04,476.84,14.1,Dust_Accumulation
2.21,6.47,64.32,678.73,3.03,Short_Circuit
20.71,4.73,33.46,863.94,21.91,Normal
0.7,6.69,71.38,905.12,1.96,Short_Circuit
10.76,3.23,31.84,451.03,8.03,Partial_Shading
3.17,6.24,76.75,1153.1,2.0,Short_Circuit
0.02,8.28,64.04,856.94,2.83,Short_Circuit
16.83,5.29,41.59,1080.76,20.44,Normal
17.57,4.49,52.21,537.0,14.06,Dust_Accumulation
18.85,5.31,44.55,796.53,21.77,Normal
17.06,4.25,34.94,639.61,12.57,Dust_Accumulation
18.88,3.79,42.09,487.62,11.06,Dust_Accumulation
10.83,1.51,30.35,283.97,11.43,Partial_Shading
24.4,0.03,35.65,1207.43,0.88,Open_Circuit
19.53,5.89,39.93,995.75,23.02,Normal
1.05,5.74,73.85,666.41,0.57,Short_Circuit
20.97,0.0,29.57,781.24,1.41,Open_Circuit
17.1,4.25,43.37,995.99,22.44,Normal
8.81,2.52,32.44,370.83,9.5,Partial_Shading
15.6,2.72,49.71,475.4,13.62,Dust_Accumulation
23.64,0.0,32.48,963.29,0.49,Open_Circuit
13.81,2.18,44.04,233.6,6.43,Partial_Shading
17.83,5.01,38.73,857.01,21.29,Normal
17.92,4.37,38.26,1120.39,21.67,Normal
24.7,0.0,23.07,1167.83,0.96,Open_Circuit
9.75,1.29,28.85,325.73,6.12,Partial_Shading
20.96,0.35,28.32,1018.76,2.38,Open_Circuit
1.68,8.58,76.62,721.84,2.88,Short_Circuit
15.21,3.19,39.41,682.91,11.22,Dust_Accumulation
21.53,0.26,32.36,984.07,0.0,Open_Circuit
1.44,9.15,78.29,664.58,0.19,Short_Circuit
18.91,3.86,43.4,1153.88,22.82,Normal
15.43,3.34,41.32,601.9,11.76,Dust_Accumulation
24.18,0.0,28.53,785.31,1.29,Open_Circuit
17.55,5.01,38.0,1110.9,21.78,Normal
8.41,1.67,42.64,145.46,7.51,Partial_Shading
23.14,0.27,34.55,1055.22,0.17,Open_Circuit
21.1,0.21,30.36,1110.82,0.31,Open_Circuit
10.85,1.84,33.08,426.57,8.94,Partial_Shading
21.25,0.02,36.51,1014.19,0.97,Open_Circuit
0.0,7.62,80.49,1125.59,2.9,Short_Circuit
19.03,3.01,52.54,418.36,16.36,Dust_Accumulation
22.27,5.22,29.0,1007.2,21.76,Normal
1.69,7.8,77.85,643.43,2.99,Short_Circuit
15.35,4.16,45.48,531.08,13.97,Dust_Accumulation
1.01,6.42,71.51,1113.2,0.53,Short_Circuit
18.12,5.39,24.01,910.99,22.41,Normal
14.2,1.78,38.7,208.15,7.32,Partial_Shading
17.63,4.1,42.51,1041.23,21.0,Normal
3.53,7.04,81.95,727.96,0.35,Short_Circuit
22.62,0.24,35.73,937.0,1.98,Open_Circuit
8.78,1.81,45.32,292.06,5.39,Partial_Shading
2.5,9.41,59.75,525.81,1.01,Short_Circuit
18.17,5.38,41.79,1033.08,22.75,Normal
21.93,4.36,35.09,1041.66,21.77,Normal
20.67,0.21,37.81,1122.23,0.41,Open_Circuit
4.63,6.05,62.51,889.78,3.43,Short_Circuit
20.9,0.2,25.96,1057.14,0.23,Open_Circuit
25.37,0.0,34.49,1180.61,0.45,Open_Circuit
25.39,0.0,26.21,1059.11,1.96,Open_Circuit
14.51,2.04,49.26,614.63,8.41,Dust_Accumulation
22.67,0.29,31.31,1202.41,1.47,Open_Circuit
17.19,3.23,42.12,571.04,11.93,Dust_Accumulation
11.45,2.52,49.04,428.76,10.9,Partial_Shading
18.81,4.17,46.76,522.8,13.74,Dust_Accumulation
9.04,1.91,34.42,259.1,9.91,Partial_Shading
1.45,7.85,72.43,804.06,1.6,Short_Circuit
11.24,2.22,45.79,349.19,9.34,Partial_Shading
20.47,5.58,36.88,862.6,21.55,Normal
18.39,4.61,41.16,809.95,14.87,Dust_Accumulation
2.41,9.59,81.15,1042.87,1.77,Short_Circuit
20.6,4.84,31.37,934.1,21.91,Normal
21.35,0.34,28.42,699.42,1.9,Open_Circuit
18.62,5.56,39.75,1148.03,22.25,Normal
1.78,8.15,70.51,980.76,1.87,Short_Circuit
15.58,3.98,41.81,578.8,13.49,Dust_Accumulation
19.31,2.83,51.19,527.89,12.54,Dust_Accumulation
22.07,0.27,27.16,1133.19,1.58,Open_Circuit
22.16,5.54,43.23,799.69,21.47,Normal
16.09,4.17,52.51,623.41,11.14,Dust_Accumulation
12.19,1.48,51.31,262.69,10.8,Partial_Shading
15.01,3.27,54.01,650.39,10.25,Dust_Accumulation
16.2,3.08,49.44,606.76,11.79,Dust_Accumulation
13.67,4.35,49.94,896.98,12.2,Dust_Accumulation
12.23,2.08,46.02,410.73,10.13,Partial_Shading
21.58,5.48,42.83,947.42,22.5,Normal
13.08,1.98,41.19,163.72,9.5,Partial_Shading
0.0,6.72,74.34,957.1,1.37,Short_Circuit
18.44,3.5,37.77,672.1,14.23,Dust_Accumulation
14.45,4.04,46.59,505.3,14.14,Dust_Accumulation
3.42,6.9,66.15,1013.56,1.22,Short_Circuit
22.18,0.12,38.52,1178.17,0.46,Open_Circuit
2.54,6.6,60.3,790.12,1.45,Short_Circuit
15.79,3.74,34.24,587.11,13.65,Dust_Accumulation
15.23,3.09,43.27,577.81,13.73,Dust_Accumulation
23.22,0.45,32.92,706.36,0.8,Open_Circuit
22.86,5.92,22.57,871.05,22.77,Normal
2.05,6.79,76.91,1015.15,0.85,Short_Circuit
13.22,1.67,47.68,292.59,11.15,Partial_Shading
21.74,0.5,33.94,1034.67,0.92,Open_Circuit
3.54,9.91,64.21,898.75,2.2,Short_Circuit
16.25,4.47,49.33,751.86,16.16,Dust_Accumulation
20.04,4.83,26.59,983.5,22.0,Normal
15.91,3.67,54.72,509.83,12.5,Dust_Accumulation
11.55,2.05,37.51,388.32,12.91,Partial_Shading
12.2,2.04,40.88,87.11,9.79,Partial_Shading
13.55,3.14,38.51,529.97,9.59,Dust_Accumulation
19.04,0.39,36.93,839.97,4.17,Normal
2.41,8.3,71.14,1165.77,0.27,Short_Circuit
0.32,9.12,76.4,550.3,1.57,Short_Circuit
0.02,8.27,81.35,603.83,1.22,Short_Circuit
24.08,0.31,25.78,865.1,1.45,Open_Circuit
22.04,0.13,29.69,893.93,1.74,Open_Circuit
22.76,0.21,27.83,1066.53,0.58,Open_Circuit
10.23,2.63,48.65,315.01,10.68,Partial_Shading
9.28,2.82,37.88,177.15,9.08,Partial_Shading
13.94,4.58,41.73,412.21,14.05,Dust_Accumulation
9.4,3.61,50.02,421.38,9.27,Partial_Shading
16.96,4.35,38.21,863.15,21.79,Normal
3.49,8.25,75.58,1051.87,1.42,Short_Circuit
24.56,0.66,32.4,973.55,1.69,Open_Circuit
24.99,0.14,29.61,1207.41,1.71,Open_Circuit
19.0,5.72,33.96,1129.88,22.49,Normal
0.53,8.75,67.27,1179.63,3.08,Short_Circuit
0.0,10.08,83.52,1071.66,0.39,Short_Circuit
13.1,2.33,42.98,356.89,5.16,Partial_Shading
17.62,3.56,42.49,467.99,15.62,Dust_Accumulation
10.65,2.8,46.72,424.69,7.24,Partial_Shading
21.93,5.5,36.36,924.23,22.63,Normal
1.76,7.82,52.87,1051.29,1.99,Short_Circuit
17.6,4.8,44.75,720.59,15.94,Normal
23.31,0.18,39.03,840.09,0.61,Open_Circuit
18.19,4.58,26.16,1093.19,21.94,Normal
3.95,7.33,79.3,1117.65,0.0,Short_Circuit
1.42,7.55,66.7,1045.87,1.13,Short_Circuit
8.51,2.55,31.44,465.0,11.29,Partial_Shading
20.88,0.1,27.95,1096.15,0.88,Open_Circuit
0.92,8.42,61.22,630.67,4.38,Short_Circuit
22.88,0.0,36.5,1083.98,1.87,Open_Circuit
1.71,7.18,78.8,846.79,2.65,Short_Circuit
0.88,6.73,56.63,888.1,2.73,Short_Circuit
8.04,2.03,40.77,308.68,4.48,Partial_Shading
13.59,2.64,38.97,183.91,5.71,Partial_Shading
3.71,9.3,78.49,809.6,0.06,Short_Circuit
8.86,2.86,52.42,377.3,6.74,Partial_Shading
1.92,9.9,73.03,1011.41,1.59,Short_Circuit
20.2,5.17,24.55,1087.14,22.18,Normal
9.74,3.51,33.99,242.39,6.55,Partial_Shading
18.37,5.07,38.25,1009.41,22.72,Normal
19.18,4.37,43.68,559.5,14.59,Dust_Accumulation
0.3,9.42,61.92,560.14,2.77,Short_Circuit
